ts_s,ax_g,ay_g,az_g,gx_dps,gy_dps,gz_dps,stdDevAX
1.323,-0.1199,0.0171,1.0171,0.145,0.5496,0.5496,0.002068427
1.342,-0.1191,0.0178,1.0212,0.1679,0.626,0.5954,
1.362,-0.1194,0.0164,1.0251,0.1679,0.5649,0.6183,
1.382,-0.116,0.0151,1.02,0.2137,0.5267,0.6718,
1.402,-0.1157,0.0171,1.0227,0.1756,0.4656,0.5725,
1.422,-0.1143,0.009,1.0186,0.2824,0.4962,0.6336,
1.442,-0.1216,0.0164,1.0159,0.1221,0.6794,0.6183,
1.462,-0.1128,0.0166,1.0193,0.2519,0.4656,0.6412,
1.482,-0.1177,0.0171,1.0237,0.1756,0.6565,0.5496,
1.502,-0.116,0.0183,1.0256,0.2214,0.5573,0.6489,
1.522,-0.1187,0.0168,1.0232,0.1832,0.5573,0.6336,
1.542,-0.1213,0.0156,1.0242,0.0534,0.5954,0.5038,
1.562,-0.1155,0.0183,1.0122,0.2214,0.6412,0.5954,
1.582,-0.1208,0.0132,1.0166,0.1679,0.5267,0.6412,
1.602,-0.1194,0.0159,1.0203,0.1069,0.5802,0.6183,
1.623,-0.1165,0.0161,1.02,0.1908,0.5115,0.6183,
1.643,-0.1194,0.0146,1.0198,0.1069,0.5191,0.6107,
1.664,-0.1147,0.0154,1.0217,0.1374,0.4504,0.5496,
1.683,-0.1169,0.0168,1.0161,0.1298,0.5115,0.6031,
1.703,-0.114,0.0112,1.0181,0.1679,0.5573,0.6641,
1.723,-0.1177,0.0137,1.0278,0.1679,0.5725,0.5954,
1.743,-0.1187,0.0134,1.019,0.2061,0.5344,0.5649,
1.763,-0.1174,0.0159,1.0229,0.2061,0.5573,0.5878,
1.783,-0.1179,0.0164,1.0254,0.1832,0.5344,0.6565,
1.803,-0.1223,0.0144,1.0195,0.1527,0.5496,0.6107,
1.823,-0.1184,0.0156,1.0212,0.145,0.5115,0.5573,
1.843,-0.1182,0.0144,1.0212,0.229,0.5878,0.6107,
1.863,-0.1152,0.0139,1.0237,0.1298,0.542,0.7099,
1.883,-0.1169,0.0154,1.0247,0.2214,0.5115,0.6336,
1.903,-0.1118,0.0183,1.021,0.1756,0.4656,0.6412,
1.923,-0.116,0.0151,1.0164,0.1756,0.5878,0.5496,
1.943,-0.1189,0.0183,1.0212,0.2061,0.542,0.6794,
1.964,-0.1157,0.0129,1.022,0.145,0.5878,0.5802,
1.984,-0.1177,0.0161,1.0234,0.1298,0.4962,0.6412,
2.004,-0.1172,0.0098,1.021,0.1374,0.5573,0.4885,
2.024,-0.1169,0.0159,1.0161,0.1298,0.5954,0.6489,
2.044,-0.1167,0.0173,1.0222,0.1756,0.5649,0.5573,
2.064,-0.1179,0.0173,1.0234,0.1985,0.5191,0.5878,
2.084,-0.1174,0.0127,1.0166,0.2443,0.5267,0.5725,
2.104,-0.1147,0.0142,1.0273,0.0916,0.542,0.6412,
2.124,-0.1174,0.0173,1.0203,0.2137,0.6107,0.4885,
2.144,-0.1184,0.0188,1.0276,0.2137,0.5496,0.5802,
2.164,-0.1196,0.0149,1.02,0.1221,0.4733,0.6565,
2.184,-0.1184,0.0188,1.019,0.084,0.5344,0.6107,
2.204,-0.1182,0.0188,1.0256,0.1603,0.6107,0.5954,
2.224,-0.1177,0.0193,1.0181,0.1221,0.5954,0.6412,
2.244,-0.1162,0.0125,1.0173,0.1145,0.6412,0.6412,
2.264,-0.1157,0.0129,1.022,0.1603,0.6336,0.7099,
2.284,-0.1133,0.0146,1.0261,0.1069,0.5267,0.5267,
2.305,-0.1174,0.0137,1.0195,0.1374,0.6183,0.5802,
2.325,-0.1162,0.0146,1.0254,0.1527,0.5115,0.6031,
2.345,-0.1155,0.0132,1.0164,0.1374,0.5573,0.6336,
2.365,-0.1167,0.0137,1.0183,0.2366,0.5649,0.626,
2.385,-0.1184,0.0146,1.0247,0.1679,0.6183,0.5954,
2.405,-0.1228,0.0154,1.0166,0.1679,0.5038,0.6336,
2.425,-0.1196,0.0154,1.0212,0.0687,0.4809,0.626,
2.445,-0.1152,0.0161,1.0217,0.229,0.5267,0.5878,
2.465,-0.1189,0.0139,1.0188,0.1756,0.6107,0.5802,
2.485,-0.1189,0.0166,1.021,0.1069,0.5496,0.6489,
2.505,-0.115,0.0161,1.0261,0.2748,0.6031,0.6336,
2.525,-0.1191,0.0156,1.0173,0.1298,0.4198,0.6412,
2.545,-0.1199,0.0166,1.0237,0.1679,0.5573,0.5649,
2.565,-0.1184,0.0156,1.0195,0.145,0.6107,0.626,
2.585,-0.1187,0.0149,1.0229,0.1145,0.6794,0.6336,
2.605,-0.1187,0.0127,1.0286,0.1832,0.5649,0.5954,
2.625,-0.1165,0.0139,1.0139,0.1374,0.5573,0.687,
2.646,-0.1172,0.0137,1.0229,0.1374,0.5802,0.6718,
2.665,-0.1157,0.0188,1.0247,0.0458,0.5038,0.5344,
2.685,-0.1152,0.0151,1.0168,0.0992,0.5649,0.6107,
2.705,-0.116,0.0208,1.0227,0.229,0.4275,0.626,
2.725,-0.1172,0.0149,1.0244,0.0763,0.5573,0.5725,
2.745,-0.1194,0.0134,1.0164,0.1527,0.7099,0.6031,
2.765,-0.114,0.0171,1.0205,0.1756,0.4885,0.5267,
2.785,-0.1184,0.0173,1.0195,0.1374,0.6336,0.5649,
2.805,-0.115,0.0183,1.0156,0.1679,0.5878,0.7099,
2.825,-0.1206,0.0146,1.0229,0.1679,0.6107,0.5725,
2.845,-0.1167,0.0183,1.0142,0.1756,0.5573,0.6489,
2.865,-0.1162,0.0144,1.0205,0.1145,0.6183,0.5649,
2.885,-0.115,0.0129,1.021,0.0763,0.4504,0.5038,
2.905,-0.1165,0.0144,1.0264,0.1756,0.6489,0.5496,
2.925,-0.1169,0.0151,1.0203,0.0992,0.5267,0.6412,
2.945,-0.1187,0.0161,1.0251,0.1374,0.5115,0.5954,
2.965,-0.1152,0.02,1.0181,0.1221,0.6336,0.5496,
2.985,-0.1184,0.0151,1.0232,0.0382,0.5038,0.5878,
3.005,-0.1155,0.0181,1.0188,0.1832,0.5496,0.6794,
3.025,-0.1177,0.0146,1.0193,0.1221,0.5344,0.6641,
3.045,-0.1155,0.0164,1.0256,0.1985,0.5267,0.5878,
3.065,-0.116,0.0142,1.0164,0.2137,0.6336,0.5725,
3.085,-0.1182,0.0149,1.0232,0.2672,0.6565,0.6641,
3.105,-0.1211,0.0161,1.0215,0.1527,0.6107,0.6107,
3.125,-0.1179,0.0161,1.0181,0.1832,0.5573,0.5954,
3.145,-0.1145,0.0125,1.0239,0.1527,0.5267,0.6336,
3.165,-0.1204,0.0171,1.0186,0.1527,0.5878,0.5649,
3.185,-0.1187,0.0149,1.0181,0.1908,0.542,0.6107,
3.205,-0.1177,0.0171,1.0261,0.2748,0.5191,0.6565,
3.225,-0.1172,0.0142,1.0232,0.1221,0.5725,0.6031,
3.245,-0.1182,0.0129,1.0215,0.2137,0.5878,0.6641,
3.265,-0.1162,0.0132,1.0227,0.1985,0.4656,0.5267,
3.286,-0.1162,0.0154,1.0176,0.2214,0.4962,0.5267,
3.305,-0.1191,0.0168,1.021,0.1527,0.4809,0.5802,
3.325,-0.1187,0.0122,1.0203,0.0916,0.5573,0.6489,
3.345,-0.1147,0.0154,1.0217,0.0916,0.5496,0.5267,
3.365,-0.1189,0.0144,1.0261,0.1985,0.5878,0.5191,
3.385,-0.1189,0.0183,1.0254,0.1374,0.4656,0.5802,
3.405,-0.1174,0.0181,1.0186,0.1527,0.6412,0.5344,
3.425,-0.1184,0.0149,1.0249,0.1679,0.3664,0.626,
3.445,-0.1169,0.0161,1.0232,0.1985,0.5267,0.5802,
3.465,-0.1182,0.0144,1.0188,0.1832,0.4962,0.5725,
3.485,-0.1155,0.0159,1.0261,0.1756,0.5191,0.6947,
3.505,-0.1174,0.0166,1.0244,0.1374,0.5802,0.6718,
3.525,-0.1179,0.0098,1.0159,0.1603,0.4885,0.5573,
3.545,-0.1165,0.0115,1.019,0.1298,0.5496,0.6565,
3.565,-0.1179,0.0105,1.0188,0.1985,0.5267,0.5573,
3.585,-0.1211,0.0164,1.0222,0.2061,0.6565,0.5344,
3.605,-0.1167,0.0171,1.02,0.0687,0.4962,0.6183,
3.625,-0.1167,0.0156,1.0227,0.1985,0.5496,0.6565,
3.645,-0.1189,0.0156,1.0251,0.0534,0.5573,0.6107,
3.665,-0.1179,0.0176,1.0229,0.2214,0.5344,0.5267,
3.685,-0.1165,0.0176,1.0217,0.1832,0.5191,0.6183,
3.705,-0.1191,0.0156,1.0208,0.1603,0.6947,0.5878,
3.725,-0.1162,0.0159,1.0198,0.1603,0.5344,0.5267,
3.745,-0.1165,0.0159,1.0278,0.1908,0.5725,0.6641,
3.765,-0.1196,0.0171,1.0229,0.2672,0.4733,0.6183,
3.785,-0.1165,0.0112,1.0242,0.1603,0.5115,0.6412,
3.805,-0.1184,0.0156,1.0215,0.1221,0.4351,0.6489,
3.825,-0.1177,0.0137,1.0222,0.229,0.542,0.626,
3.845,-0.1162,0.0178,1.0208,0.1832,0.4962,0.6412,
3.865,-0.1213,0.0159,1.019,0.1603,0.5649,0.6183,
3.885,-0.1208,0.0134,1.0203,0.084,0.6031,0.5649,
3.905,-0.1208,0.0171,1.0215,0.1832,0.5649,0.5725,
3.926,-0.1184,0.0227,1.0234,0.1069,0.5725,0.6031,
3.945,-0.1177,0.02,1.0161,0.2824,0.3969,0.5344,
3.965,-0.1182,0.0176,1.0264,0.1145,0.4733,0.6183,
3.985,-0.1196,0.0164,1.0215,0.0916,0.5344,0.5802,
4.005,-0.1204,0.0103,1.0181,0.084,0.5344,0.6336,
4.025,-0.1187,0.0132,1.0173,0.1756,0.6947,0.687,
4.045,-0.1194,0.0144,1.0227,0.0687,0.6641,0.6565,
4.065,-0.1177,0.0168,1.0256,0.2366,0.5573,0.626,
4.085,-0.1184,0.0122,1.0264,0.2519,0.5267,0.4656,
4.105,-0.1165,0.0134,1.021,0.1985,0.5344,0.5802,
4.125,-0.1196,0.0142,1.0183,0.1985,0.626,0.6183,
4.145,-0.1167,0.0181,1.022,0.1298,0.4809,0.5878,
4.165,-0.1182,0.0186,1.0193,0.1527,0.4962,0.6107,
4.185,-0.1196,0.0195,1.0232,0.1985,0.5954,0.4885,
4.205,-0.1174,0.0154,1.0215,0.0916,0.5267,0.5725,
4.225,-0.1174,0.0156,1.0164,0.1298,0.4962,0.542,
4.245,-0.1189,0.0144,1.019,0.1527,0.4427,0.5573,
4.265,-0.1201,0.0164,1.0217,0.2901,0.6565,0.626,
4.285,-0.1179,0.0156,1.0232,0.1679,0.5191,0.5496,
4.305,-0.1169,0.0139,1.0242,0.2061,0.5496,0.7405,
4.325,-0.1199,0.0127,1.0168,0.1756,0.5878,0.5954,
4.345,-0.1201,0.0156,1.0229,0.0916,0.5115,0.6336,
4.365,-0.1223,0.0164,1.0227,0.145,0.5191,0.5725,
4.385,-0.1174,0.0146,1.0208,0.2519,0.5038,0.5649,
4.405,-0.1189,0.0195,1.0217,0.0382,0.6031,0.6947,
4.425,-0.1143,0.0146,1.0254,0.1374,0.4046,0.5954,
4.445,-0.1174,0.019,1.0212,0.1374,0.5344,0.5954,
4.465,-0.1196,0.0168,1.0227,0.145,0.6412,0.6107,
4.485,-0.1206,0.0125,1.0203,0.1145,0.6107,0.5802,
4.505,-0.1206,0.0137,1.0232,0.229,0.4504,0.6412,
4.525,-0.1162,0.0154,1.0215,0.145,0.5191,0.5267,
4.545,-0.1179,0.0137,1.0212,0.1221,0.5878,0.6183,
4.566,-0.1187,0.0188,1.0229,0.1221,0.5115,0.5115,
4.585,-0.1169,0.012,1.0237,0.2137,0.5649,0.626,
4.605,-0.1191,0.0112,1.0264,0.1832,0.5649,0.5649,
4.625,-0.1174,0.0127,1.0229,0.1374,0.5954,0.626,
4.645,-0.1177,0.0173,1.0212,0.229,0.6031,0.6565,
4.665,-0.1184,0.0171,1.0254,0.1298,0.5725,0.6641,
4.685,-0.1179,0.0154,1.0271,0.0687,0.5267,0.5725,
4.705,-0.116,0.0171,1.0212,0.2137,0.542,0.6794,
4.725,-0.1187,0.0186,1.0244,0.1069,0.5191,0.6641,
4.745,-0.1165,0.0166,1.0203,0.1985,0.6031,0.6718,
4.765,-0.1133,0.0168,1.0146,0.1756,0.5115,0.5954,
4.785,-0.1169,0.0144,1.0259,0.1985,0.6031,0.6794,
4.805,-0.1201,0.0156,1.0251,0.2137,0.6794,0.5725,
4.825,-0.1187,0.0137,1.0203,0.1908,0.5115,0.7023,
4.845,-0.1155,0.0132,1.0291,0.1756,0.5725,0.6107,
4.865,-0.1196,0.0161,1.019,0.1298,0.6489,0.5878,
4.885,-0.1184,0.0161,1.0217,0.084,0.5038,0.6336,
4.905,-0.1155,0.0181,1.0198,0.1298,0.5115,0.5649,
4.925,-0.1165,0.0161,1.0215,0.2061,0.5878,0.6489,
4.945,-0.1194,0.0164,1.0232,0.0763,0.4885,0.6336,
4.965,-0.1191,0.0176,1.0234,0.1679,0.4198,0.5802,
4.985,-0.1167,0.0164,1.0212,0.2061,0.7176,0.5725,
5.005,-0.1228,0.0156,1.0225,0.145,0.4962,0.5344,
5.025,-0.1189,0.0156,1.0266,0.1527,0.5649,0.6489,
5.045,-0.1147,0.0154,1.0291,0.1527,0.4733,0.6183,
5.065,-0.115,0.0127,1.0212,0.2137,0.4351,0.5191,
5.085,-0.1182,0.0173,1.0173,0.0305,0.5267,0.5573,
5.105,-0.1199,0.0142,1.0234,0.1221,0.5649,0.6031,
5.125,-0.1167,0.0181,1.0242,0.1221,0.5649,0.687,
5.145,-0.1135,0.0161,1.0178,0.1221,0.6641,0.6336,
5.165,-0.1189,0.0154,1.0208,0.1908,0.6412,0.6183,
5.185,-0.1179,0.0161,1.0217,0.145,0.5267,0.6947,
5.206,-0.1157,0.0188,1.0198,0.1679,0.5649,0.5267,
5.225,-0.1184,0.0129,1.0154,0.1679,0.5802,0.5573,
5.245,-0.1182,0.0144,1.02,0.145,0.5649,0.6031,
5.265,-0.1155,0.0168,1.0161,0.1832,0.5191,0.5725,
5.285,-0.1199,0.019,1.0217,0.1832,0.5344,0.5954,
5.305,-0.1167,0.02,1.0203,0.229,0.6641,0.5267,
5.325,-0.1196,0.011,1.0188,0.0992,0.6412,0.626,
5.345,-0.1194,0.0127,1.019,0.0611,0.4656,0.6565,
5.365,-0.1165,0.0142,1.0161,0.145,0.5115,0.5878,
5.385,-0.1169,0.0144,1.0203,0.1069,0.4885,0.5725,
5.405,-0.1187,0.0161,1.0247,0.1908,0.5954,0.5802,
5.425,-0.1179,0.0156,1.0239,0.1374,0.626,0.5878,
5.445,-0.1155,0.0144,1.0198,0.2137,0.5649,0.6794,
5.465,-0.1208,0.0159,1.0222,0.1985,0.5115,0.6489,
5.485,-0.1145,0.0132,1.0195,0.1221,0.5496,0.5267,
5.505,-0.1211,0.0127,1.0281,0.1527,0.5344,0.5649,
5.525,-0.1187,0.0154,1.0212,0.2824,0.5496,0.7176,
5.545,-0.1162,0.0176,1.0198,0.1985,0.5573,0.5649,
5.565,-0.1157,0.0173,1.0195,0.1298,0.4504,0.5496,
5.585,-0.1191,0.0125,1.0193,0.1145,0.5496,0.6336,
5.605,-0.1152,0.0156,1.0176,0.1603,0.5878,0.5573,
5.625,-0.1182,0.0151,1.0176,0.1069,0.4809,0.6183,
5.645,-0.1187,0.0137,1.02,0.1527,0.4885,0.5496,
5.665,-0.1182,0.0171,1.0239,0.1527,0.5038,0.6031,
5.685,-0.1177,0.0137,1.0205,0.1679,0.458,0.6107,
5.705,-0.1167,0.0159,1.0212,0.1832,0.5038,0.6336,
5.725,-0.1174,0.0168,1.0239,0.1985,0.5573,0.626,
5.745,-0.1167,0.0156,1.021,0.1298,0.5344,0.6565,
5.765,-0.1208,0.0168,1.0242,0.2595,0.6412,0.7099,
5.785,-0.1191,0.0142,1.0237,0.2443,0.5267,0.6336,
5.805,-0.1162,0.0166,1.0212,0.1756,0.5344,0.6031,
5.825,-0.1174,0.0178,1.0247,0.145,0.6183,0.6718,
5.846,-0.1208,0.0171,1.0232,0.1527,0.458,0.5573,
5.865,-0.1204,0.0146,1.0212,0.1374,0.5115,0.5573,
5.885,-0.1143,0.012,1.0225,0.1679,0.5725,0.6794,
5.905,-0.1199,0.0166,1.0188,0.1145,0.5878,0.5344,
5.925,-0.1172,0.0168,1.0227,0.1985,0.5038,0.5802,
5.945,-0.1199,0.0181,1.0203,0.1985,0.542,0.5573,
5.965,-0.1135,0.0149,1.0234,0.1908,0.5573,0.6641,
5.985,-0.1145,0.0164,1.0212,0.1603,0.5725,0.6107,
6.005,-0.1162,0.0144,1.0193,0.0687,0.7099,0.5802,
6.025,-0.1165,0.0151,1.021,0.1069,0.4885,0.5802,
6.045,-0.1199,0.012,1.0208,0.1985,0.542,0.6412,
6.065,-0.1147,0.0149,1.0173,0.0611,0.5725,0.6336,
6.085,-0.1179,0.0186,1.0173,0.0916,0.626,0.5725,
6.105,-0.1177,0.0159,1.0247,0.1069,0.5725,0.5878,
6.125,-0.123,0.0132,1.0171,0.1756,0.5802,0.5038,
6.145,-0.1172,0.0125,1.0178,0.2137,0.5725,0.542,
6.165,-0.1147,0.0132,1.0269,0.2061,0.4504,0.687,
6.185,-0.1167,0.0159,1.0142,0.1679,0.5878,0.5802,
6.205,-0.1167,0.0168,1.0183,0.1908,0.6107,0.5496,
6.225,-0.1196,0.0154,1.0232,0.1679,0.6031,0.4809,
6.245,-0.1199,0.0168,1.0193,0.2214,0.5573,0.5191,
6.265,-0.1135,0.0183,1.0215,0.1298,0.5496,0.6336,
6.285,-0.1179,0.0164,1.0247,0.229,0.542,0.6107,
6.305,-0.1189,0.0137,1.0205,0.1756,0.5802,0.6183,
6.325,-0.1152,0.0132,1.0215,0.1908,0.5496,0.5649,
6.345,-0.1121,0.0161,1.0227,0.2443,0.4885,0.6183,
6.365,-0.1169,0.0176,1.0232,0.1832,0.5267,0.6412,
6.385,-0.1211,0.0159,1.0237,0.2519,0.542,0.6336,
6.405,-0.1204,0.0156,1.0139,0.2366,0.5496,0.5878,
6.425,-0.1157,0.0146,1.0242,0.2214,0.4275,0.5573,
6.445,-0.1133,0.0164,1.022,0.1527,0.5802,0.6183,
6.465,-0.1167,0.0186,1.022,0.229,0.4809,0.6183,
6.486,-0.1194,0.0159,1.022,0.1527,0.5649,0.5878,
6.505,-0.1174,0.0176,1.0173,0.1298,0.5496,0.6336,
6.525,-0.1162,0.0186,1.0171,0.1603,0.5191,0.5954,
6.545,-0.1223,0.0154,1.0222,0.1221,0.5954,0.5878,
6.565,-0.1157,0.0176,1.0181,0.2061,0.6183,0.6107,
6.585,-0.1211,0.0151,1.0215,0.1069,0.5496,0.6183,
6.605,-0.1169,0.0154,1.0205,0.2214,0.5649,0.6336,
6.625,-0.1187,0.0129,1.0215,0.084,0.4427,0.6412,
6.645,-0.1177,0.0168,1.0229,0.1603,0.5344,0.5649,
6.665,-0.1155,0.0142,1.022,0.145,0.5267,0.5267,
6.685,-0.1155,0.0173,1.0195,0.1069,0.4122,0.6183,
6.705,-0.1184,0.0183,1.0295,0.229,0.4656,0.5344,
6.725,-0.1179,0.0125,1.019,0.2061,0.4504,0.6336,
6.745,-0.1204,0.0178,1.0232,0.0763,0.5725,0.5344,
6.765,-0.1145,0.0139,1.0251,0.1069,0.4962,0.5954,
6.785,-0.1179,0.0171,1.0161,0.0611,0.4809,0.5038,
6.805,-0.1179,0.0171,1.0217,0.1908,0.4809,0.5878,
6.825,-0.1201,0.0132,1.031,0.1221,0.5267,0.5954,
6.845,-0.1184,0.0159,1.0203,0.1603,0.5115,0.6412,
6.865,-0.1165,0.0154,1.0269,0.1985,0.5725,0.7099,
6.885,-0.1155,0.0164,1.0151,0.1832,0.5191,0.6336,
6.905,-0.1196,0.0171,1.0188,0.1221,0.5496,0.6183,
6.925,-0.1172,0.0171,1.019,0.1221,0.4427,0.6107,
6.945,-0.1189,0.0171,1.0168,0.1679,0.4809,0.5496,
6.965,-0.1189,0.0149,1.019,0.1756,0.5191,0.6565,
6.985,-0.1174,0.0149,1.0259,0.2137,0.5649,0.4885,
7.005,-0.1155,0.0137,1.0186,0.1985,0.5496,0.6641,
7.025,-0.1165,0.0181,1.021,0.1069,0.4046,0.5878,
7.045,-0.1174,0.0166,1.0264,0.1069,0.5191,0.5649,
7.065,-0.1174,0.0181,1.0229,0.145,0.5115,0.5878,
7.085,-0.1187,0.0125,1.0229,0.1756,0.5802,0.6183,
7.105,-0.1179,0.0144,1.0244,0.1069,0.5954,0.6794,
7.126,-0.1187,0.0132,1.0195,0.0763,0.6412,0.6107,
7.145,-0.1201,0.0137,1.0227,0.0382,0.5038,0.5344,
7.165,-0.1155,0.0132,1.022,0.1603,0.5649,0.5344,
7.185,-0.1169,0.0181,1.0159,0.1679,0.4733,0.6107,
7.205,-0.1204,0.0166,1.0303,0.1832,0.5115,0.5725,
7.225,-0.1182,0.0125,1.0125,0.1756,0.4275,0.5649,
7.245,-0.1199,0.0132,1.0227,0.2214,0.4656,0.5573,
7.265,-0.1189,0.0151,1.0208,0.0611,0.6031,0.5725,
7.285,-0.1157,0.0112,1.0154,0.1298,0.5267,0.5954,
7.305,-0.1162,0.0156,1.0288,0.1145,0.4962,0.5954,
7.325,-0.1169,0.0142,1.0205,0.0687,0.5802,0.6336,
7.345,-0.1167,0.0125,1.0173,0.1527,0.5267,0.5802,
7.365,-0.1157,0.0132,1.0244,0.0611,0.4885,0.626,
7.385,-0.1169,0.0149,1.0215,0.2595,0.6107,0.6336,
7.405,-0.116,0.0134,1.0193,0.1832,0.5344,0.5038,
7.425,-0.114,0.0166,1.0278,0.1679,0.4962,0.626,
7.445,-0.1174,0.0166,1.0283,0.1374,0.4809,0.6336,
7.465,-0.1199,0.0154,1.0249,0.1221,0.687,0.626,
7.485,-0.1162,0.0112,1.0225,0.145,0.5191,0.5649,
7.505,-0.1145,0.0156,1.021,0.1756,0.5038,0.5115,
7.525,-0.1133,0.0127,1.0222,0.0534,0.5878,0.6107,
7.545,-0.1177,0.0115,1.022,0.1221,0.6183,0.5954,
7.565,-0.1177,0.0132,1.0161,0.1832,0.5344,0.4962,
7.585,-0.1191,0.0144,1.0225,0.145,0.6641,0.542,
7.605,-0.1179,0.0171,1.0237,0.2748,0.5649,0.5267,
7.625,-0.1155,0.0168,1.0205,0.1374,0.6031,0.626,
7.645,-0.1174,0.0151,1.0237,0.1221,0.5191,0.5878,
7.665,-0.1184,0.0173,1.0244,0.0992,0.5573,0.6489,
7.685,-0.1165,0.0156,1.0227,0.2137,0.5725,0.5649,
7.705,-0.1147,0.0156,1.0273,0.1298,0.4733,0.6718,
7.725,-0.1174,0.0132,1.0149,0.1527,0.6107,0.5649,
7.745,-0.1199,0.0166,1.0227,0.1832,0.5115,0.4962,
7.766,-0.116,0.0142,1.0234,0.0916,0.6107,0.6489,
7.785,-0.1147,0.0164,1.02,0.1756,0.5191,0.5725,
7.805,-0.1162,0.0151,1.0212,0.1298,0.5954,0.7023,
7.825,-0.1172,0.0127,1.0203,0.1603,0.6031,0.4885,
7.845,-0.1177,0.0142,1.0198,0.0382,0.5573,0.5573,
7.865,-0.1194,0.0132,1.0247,0.1527,0.5725,0.6947,
7.885,-0.114,0.019,1.0229,0.084,0.6794,0.6336,
7.905,-0.1172,0.0154,1.0239,0.1374,0.626,0.5344,
7.925,-0.1155,0.0183,1.0183,0.0687,0.542,0.6031,
7.945,-0.1191,0.0166,1.0186,0.084,0.4122,0.5115,
7.965,-0.1189,0.0144,1.0173,0.1756,0.4656,0.6031,
7.985,-0.1206,0.0144,1.0239,0.2061,0.542,0.5649,
8.005,-0.1179,0.0164,1.0183,0.1374,0.4351,0.6489,
8.025,-0.1167,0.0144,1.0188,0.1145,0.5573,0.5802,
8.045,-0.1155,0.0168,1.021,0.2443,0.6107,0.6336,
8.065,-0.1213,0.0166,1.0229,0.1908,0.6565,0.5344,
8.085,-0.1182,0.0139,1.022,0.2443,0.5954,0.5115,
8.105,-0.1199,0.0139,1.0181,0.0992,0.5725,0.6107,
8.125,-0.1216,0.0154,1.0195,0.1756,0.687,0.6489,
8.145,-0.1155,0.0127,1.0183,0.1221,0.4885,0.6107,
8.165,-0.1167,0.0154,1.0164,0.1756,0.5191,0.6412,
8.185,-0.1167,0.0127,1.0193,0.1298,0.4962,0.687,
8.205,-0.1199,0.0142,1.0171,0.1298,0.5573,0.5496,
8.225,-0.1155,0.0166,1.0229,0.145,0.542,0.6718,
8.245,-0.1165,0.0154,1.0171,0.1145,0.542,0.5191,
8.265,-0.1169,0.0156,1.019,0.1985,0.687,0.6336,
8.285,-0.1179,0.0168,1.0188,0.1374,0.5649,0.626,
8.305,-0.1174,0.0154,1.0281,0.1374,0.5496,0.5649,
8.325,-0.1143,0.0134,1.0234,0.145,0.5344,0.6336,
8.345,-0.1147,0.0178,1.0293,0.1985,0.6183,0.5802,
8.365,-0.1189,0.0166,1.0247,0.145,0.5725,0.6107,
8.385,-0.1179,0.0146,1.0198,0.1603,0.5038,0.6336,
8.406,-0.1194,0.0168,1.0237,0.2137,0.4885,0.5878,
8.425,-0.1213,0.0159,1.0188,0.1756,0.6641,0.5191,
8.445,-0.1184,0.019,1.0227,0.229,0.5115,0.6183,
8.465,-0.1211,0.0208,1.0234,0.1374,0.5115,0.626,
8.485,-0.1182,0.0168,1.0205,0.1527,0.687,0.6565,
8.505,-0.1169,0.0198,1.0178,0.1832,0.4885,0.4656,
8.525,-0.1143,0.0142,1.0183,0.1374,0.5878,0.5649,
8.545,-0.1199,0.0139,1.0134,0.1908,0.5038,0.5725,
8.565,-0.1169,0.0151,1.0227,0.1832,0.6183,0.5267,
8.585,-0.1184,0.0166,1.0186,0.1221,0.4733,0.5649,
8.605,-0.113,0.0156,1.0237,0.1527,0.6107,0.687,
8.625,-0.1191,0.0134,1.0264,0.229,0.5573,0.5344,
8.645,-0.1189,0.0156,1.0244,0.0992,0.6641,0.7481,
8.665,-0.1165,0.0183,1.0205,0.1908,0.5878,0.6336,
8.685,-0.115,0.0171,1.0222,0.1145,0.5725,0.5802,
8.705,-0.1204,0.0173,1.0159,0.1145,0.5802,0.5878,
8.725,-0.1196,0.019,1.0266,0.2443,0.6489,0.5115,
8.745,-0.1169,0.0117,1.0193,0.1985,0.626,0.6183,
8.765,-0.1162,0.0166,1.0168,0.1374,0.5649,0.5573,
8.785,-0.116,0.0154,1.0205,0.0763,0.542,0.5267,
8.805,-0.1179,0.0149,1.0237,0.1756,0.4962,0.6489,
8.825,-0.1167,0.0161,1.0208,0.1374,0.6107,0.7099,
8.845,-0.1165,0.0127,1.0234,0.1603,0.6489,0.6489,
8.865,-0.1157,0.0146,1.0176,0.0916,0.6107,0.6794,
8.885,-0.1177,0.0164,1.0198,0.0992,0.5344,0.5954,
8.905,-0.1167,0.0134,1.0254,0.145,0.4656,0.6718,
8.925,-0.1194,0.0117,1.019,0.084,0.6947,0.6565,
8.945,-0.1177,0.0144,1.022,0.1832,0.5649,0.5496,
8.965,-0.1174,0.0132,1.0212,0.2137,0.6489,0.542,
8.985,-0.1211,0.0156,1.0212,0.1908,0.5115,0.6183,
9.005,-0.1162,0.0151,1.0264,0.1756,0.4275,0.6718,
9.025,-0.1116,0.0146,1.0208,0.2137,0.4885,0.6489,
9.046,-0.1167,0.0183,1.0161,0.1832,0.5954,0.6947,
9.065,-0.1226,0.0149,1.0156,0.1603,0.4733,0.5802,
9.085,-0.1191,0.0164,1.0227,0.2595,0.5115,0.5191,
9.105,-0.1172,0.0161,1.0239,0.1298,0.4656,0.6107,
9.125,-0.1177,0.011,1.0251,0.1145,0.5038,0.5267,
9.145,-0.114,0.0139,1.0222,0.1145,0.4504,0.6107,
9.165,-0.1162,0.0186,1.0205,0.1603,0.6031,0.6641,
9.185,-0.1167,0.0166,1.0212,0.0916,0.5725,0.5649,
9.205,-0.1167,0.0168,1.0178,0.1374,0.5038,0.6183,
9.225,-0.116,0.0156,1.0229,0.1832,0.4733,0.6183,
9.245,-0.1177,0.0181,1.0193,0.1374,0.5191,0.6794,
9.265,-0.1169,0.0166,1.0176,0.0687,0.4962,0.626,
9.285,-0.1167,0.0142,1.0178,0.0916,0.5725,0.6489,
9.305,-0.1177,0.0173,1.0168,0.1298,0.5344,0.5649,
9.325,-0.1145,0.0168,1.0256,0.1145,0.5802,0.626,
9.345,-0.1174,0.0168,1.0217,0.1603,0.5802,0.687,
9.365,-0.1155,0.0176,1.0166,0.1985,0.542,0.6489,
9.385,-0.1179,0.0154,1.0254,0.1527,0.542,0.6183,
9.405,-0.1187,0.0129,1.0225,0.2137,0.2824,0.5954,
9.425,-0.1157,0.0125,1.0286,0.1374,0.542,0.5344,
9.445,-0.1189,0.0098,1.0186,0.2061,0.5878,0.5802,
9.465,-0.1189,0.0168,1.0203,0.1832,0.626,0.542,
9.485,-0.1179,0.0146,1.0222,0.0763,0.6183,0.6794,
9.505,-0.115,0.0159,1.0227,0.1069,0.4962,0.626,
9.525,-0.1135,0.0154,1.021,0.084,0.5038,0.5802,
9.545,-0.1174,0.0159,1.0229,0.1527,0.542,0.5649,
9.565,-0.1196,0.0164,1.0217,0.0763,0.5573,0.5725,
9.585,-0.1155,0.0151,1.0186,0.2061,0.6412,0.5649,
9.605,-0.1211,0.0154,1.0176,0.0382,0.5191,0.6565,
9.625,-0.1179,0.0151,1.021,0.1679,0.6336,0.6107,
9.645,-0.1226,0.0154,1.0205,0.1679,0.5573,0.5573,
9.665,-0.1143,0.0183,1.0281,0.1756,0.5954,0.6183,
9.686,-0.1152,0.0159,1.0239,0.0992,0.4733,0.5496,
9.705,-0.115,0.0156,1.0146,0.1298,0.5649,0.5267,
9.725,-0.1189,0.0139,1.0198,0.1145,0.5725,0.626,
9.745,-0.116,0.0144,1.0215,0.1679,0.5344,0.6183,
9.765,-0.1189,0.0149,1.0198,0.1221,0.5725,0.6412,
9.785,-0.1174,0.0159,1.0239,0.1908,0.4656,0.5573,
9.805,-0.1201,0.0159,1.0168,0.0916,0.458,0.6794,
9.825,-0.1157,0.0186,1.0232,0.1832,0.5496,0.6641,
9.845,-0.1221,0.0164,1.0203,0.1145,0.5267,0.7099,
9.865,-0.1174,0.0171,1.0146,0.1145,0.6031,0.6107,
9.885,-0.1174,0.0132,1.022,0.1985,0.6565,0.6718,
9.905,-0.1165,0.0151,1.022,0.0687,0.5802,0.6107,
9.925,-0.1199,0.0134,1.0222,0.1527,0.6336,0.626,
9.945,-0.1174,0.0166,1.0205,0.145,0.5725,0.5267,
9.965,-0.1194,0.0164,1.0173,0.1679,0.5725,0.6031,
9.985,-0.1169,0.0164,1.0222,0.145,0.4962,0.626,
10.005,-0.1182,0.0117,1.0266,0.1069,0.5038,0.626,
10.025,-0.1189,0.0159,1.0227,0.0992,0.626,0.6031,
10.045,-0.1147,0.0156,1.0181,0.1298,0.5649,0.5267,
10.065,-0.1147,0.0183,1.0256,0.1985,0.6107,0.6336,
10.085,-0.1206,0.0151,1.0249,0.1221,0.5725,0.5115,
10.105,-0.1152,0.0112,1.0217,0.0992,0.5573,0.6336,
10.125,-0.1184,0.0168,1.0222,0.1527,0.6107,0.6565,
10.145,-0.1196,0.0164,1.0254,0.145,0.5573,0.7099,
10.165,-0.1189,0.0139,1.0215,0.0992,0.5496,0.6336,
10.185,-0.1199,0.0134,1.0154,0.084,0.5115,0.5191,
10.205,-0.1196,0.0154,1.0249,0.145,0.5191,0.626,
10.225,-0.1172,0.0186,1.0168,0.2519,0.5802,0.626,
10.245,-0.1204,0.0146,1.0178,0.2137,0.5496,0.6794,
10.265,-0.1167,0.0139,1.0225,0.1679,0.5038,0.5573,
10.285,-0.1174,0.0134,1.0198,0.145,0.6336,0.5725,
10.305,-0.1162,0.0127,1.0171,0.1221,0.5573,0.5725,
10.326,-0.1172,0.0188,1.0227,0.2214,0.4885,0.5573,
10.345,-0.1169,0.0151,1.0149,0.1832,0.6107,0.5802,
10.365,-0.1165,0.012,1.0166,0.0992,0.4427,0.6489,
10.385,-0.1187,0.0129,1.0298,0.2214,0.5267,0.6489,
10.405,-0.1182,0.0144,1.0164,0.1603,0.6336,0.4656,
10.425,-0.1189,0.0146,1.0193,0.1832,0.542,0.542,
10.445,-0.1199,0.0193,1.0229,0.145,0.5573,0.6565,
10.465,-0.1157,0.0188,1.0251,0.0992,0.6412,0.6031,
10.485,-0.1128,0.0146,1.0234,0.1908,0.4885,0.6031,
10.505,-0.1179,0.0181,1.0261,0.1756,0.5191,0.5878,
10.525,-0.1147,0.0127,1.0168,0.1679,0.542,0.5802,
10.545,-0.1196,0.0144,1.0176,0.1679,0.4351,0.5267,
10.565,-0.1189,0.0173,1.0222,0.084,0.5573,0.626,
10.585,-0.1194,0.0166,1.0215,0.2137,0.4809,0.6641,
10.605,-0.1179,0.0171,1.0249,0.1298,0.6031,0.6412,
10.625,-0.1179,0.0149,1.0217,0.0534,0.5878,0.5802,
10.645,-0.1179,0.019,1.0247,0.084,0.6031,0.6794,
10.665,-0.1238,0.0164,1.0195,0.1298,0.6031,0.6794,
10.685,-0.1145,0.0115,1.0212,0.2214,0.5725,0.7099,
10.705,-0.1179,0.0122,1.0205,0.084,0.5725,0.6031,
10.725,-0.1155,0.0166,1.0225,0.2061,0.5573,0.5802,
10.745,-0.1179,0.0203,1.0249,0.1908,0.5649,0.6107,
10.765,-0.1143,0.0168,1.0217,0.1527,0.5038,0.5725,
10.785,-0.1157,0.0144,1.0212,0.1756,0.5496,0.6565,
10.805,-0.1121,0.0117,1.0222,0.1298,0.5954,0.6183,
10.825,-0.115,0.0151,1.0225,0.0687,0.4885,0.5725,
10.845,-0.1174,0.0146,1.0225,0.1908,0.6565,0.6107,
10.865,-0.1174,0.0161,1.0205,0.2443,0.5115,0.6412,
10.885,-0.1177,0.0164,1.0208,0.1527,0.5573,0.5954,
10.905,-0.1152,0.0144,1.0171,0.1527,0.5496,0.6412,
10.925,-0.1191,0.0173,1.0327,0.0534,0.6336,0.5649,
10.945,-0.1169,0.0188,1.0227,0.1679,0.5038,0.626,
10.966,-0.1162,0.0139,1.0181,0.2443,0.4656,0.6489,
10.985,-0.1191,0.0188,1.0198,0.1832,0.5725,0.5954,
11.005,-0.1179,0.0122,1.0193,0.0229,0.4885,0.6947,
11.025,-0.1204,0.0168,1.0173,0.229,0.5802,0.6107,
11.045,-0.1196,0.0198,1.0261,0.0611,0.6031,0.6565,
11.065,-0.1162,0.0159,1.0217,0.084,0.5725,0.6183,
11.085,-0.1155,0.0159,1.0239,0.1679,0.626,0.5573,
11.105,-0.1174,0.0193,1.0244,0.1527,0.7099,0.542,
11.125,-0.1187,0.0159,1.0232,0.2061,0.4733,0.6489,
11.145,-0.116,0.0161,1.0286,0.0611,0.6183,0.6412,
11.165,-0.1162,0.0164,1.0278,0.0687,0.5344,0.5573,
11.185,-0.1172,0.012,1.0293,0.3359,0.4427,0.5725,
11.205,-0.1204,0.0154,1.0198,0.0916,0.5038,0.626,
11.225,-0.1167,0.0205,1.0217,0.2366,0.5191,0.7176,
11.245,-0.1116,0.0149,1.0229,0.1908,0.5496,0.7634,
11.265,-0.1147,0.0154,1.0186,0.2672,0.6031,0.6107,
11.285,-0.1182,0.0161,1.0186,0.1527,0.5267,0.5573,
11.305,-0.1165,0.0193,1.0283,0.1374,0.4427,0.5344,
11.325,-0.116,0.0168,1.0205,0.0992,0.4809,0.626,
11.345,-0.1179,0.0137,1.0256,0.2137,0.5496,0.6107,
11.365,-0.1152,0.0134,1.0232,0.1298,0.5725,0.6031,
11.385,-0.1208,0.0134,1.0232,0.1832,0.5725,0.5954,
11.405,-0.1191,0.0154,1.0183,0.0992,0.5496,0.6412,
11.425,-0.1213,0.0166,1.0168,0.1221,0.5038,0.6031,
11.445,-0.1191,0.0159,1.0254,0.1985,0.5649,0.6794,
11.465,-0.1174,0.0154,1.022,0.1221,0.5649,0.626,
11.485,-0.1213,0.0142,1.0225,0.1603,0.6031,0.6107,
11.505,-0.1172,0.0171,1.0198,0.1756,0.4962,0.5649,
11.525,-0.115,0.0154,1.0229,0.229,0.4809,0.6489,
11.545,-0.1182,0.0161,1.0205,0.1069,0.5573,0.6031,
11.565,-0.114,0.0159,1.0222,0.145,0.5496,0.6183,
11.585,-0.1211,0.0149,1.0195,0.2595,0.4885,0.6565,
11.606,-0.1189,0.02,1.0176,0.0763,0.6718,0.6183,
11.625,-0.116,0.0122,1.0198,0.2061,0.5344,0.5954,
11.645,-0.1226,0.0176,1.0237,0.145,0.5725,0.6336,
11.665,-0.1177,0.0146,1.0151,0.1221,0.5267,0.7634,
11.685,-0.1177,0.0146,1.0249,0.2214,0.5115,0.5954,
11.705,-0.1162,0.0095,1.0242,0.1679,0.4504,0.6794,
11.725,-0.1179,0.009,1.0212,0.0534,0.542,0.542,
11.745,-0.1172,0.0117,1.0188,0.229,0.5496,0.6489,
11.765,-0.1157,0.0125,1.0264,0.2214,0.5878,0.626,
11.785,-0.1145,0.0203,1.019,0.1298,0.5267,0.5802,
11.805,-0.1172,0.0186,1.0249,0.0992,0.458,0.6489,
11.825,-0.1221,0.0171,1.0208,0.1069,0.6336,0.4809,
11.845,-0.1201,0.0142,1.0242,0.1603,0.4656,0.6031,
11.865,-0.1204,0.0166,1.0254,0.1603,0.5878,0.5344,
11.885,-0.116,0.0146,1.0137,0.1908,0.5191,0.626,
11.905,-0.1165,0.0151,1.0198,0.0992,0.4427,0.5573,
11.925,-0.1157,0.0154,1.0234,0.1832,0.5725,0.6183,
11.945,-0.1184,0.0115,1.0161,0.0763,0.5649,0.5725,
11.965,-0.1162,0.0146,1.0249,0.2519,0.4809,0.5573,
11.985,-0.1177,0.012,1.0208,0.1145,0.4733,0.5878,
12.005,-0.1201,0.0103,1.0208,0.1069,0.5954,0.6107,
12.025,-0.1201,0.0161,1.0198,0.1908,0.5038,0.5573,
12.045,-0.1128,0.0166,1.019,0.1527,0.5878,0.7634,
12.065,-0.1162,0.0151,1.0198,0.145,0.4733,0.6107,
12.085,-0.1184,0.0156,1.019,0.0992,0.5725,0.5573,
12.105,-0.1145,0.0217,1.0229,0.1985,0.4885,0.687,
12.125,-0.1177,0.0146,1.0212,0.1527,0.542,0.6336,
12.145,-0.1169,0.0144,1.0171,0.1679,0.5649,0.5802,
12.165,-0.1201,0.0176,1.0249,0.2137,0.6565,0.5878,
12.185,-0.1167,0.0171,1.0283,0.1527,0.5191,0.6641,
12.205,-0.1191,0.0181,1.0181,0.2595,0.5115,0.6412,
12.225,-0.1162,0.0137,1.0203,0.1374,0.4427,0.6565,
12.246,-0.1187,0.0159,1.0195,0.0382,0.626,0.687,
12.265,-0.1165,0.01,1.0171,0.145,0.6183,0.6183,
12.285,-0.1118,0.0137,1.021,0.2366,0.5038,0.5496,
12.305,-0.1165,0.0144,1.0215,0.0916,0.4809,0.5725,
12.325,-0.1172,0.0159,1.0193,0.1679,0.5191,0.6412,
12.345,-0.1169,0.0173,1.0266,0.1603,0.5649,0.5802,
12.365,-0.1189,0.0154,1.0203,0.145,0.5038,0.5878,
12.385,-0.114,0.0151,1.0198,0.2366,0.5115,0.6183,
12.405,-0.1187,0.0178,1.0203,0.1985,0.5802,0.7023,
12.425,-0.1184,0.0188,1.0212,0.1756,0.5344,0.5878,
12.445,-0.1189,0.0156,1.0232,0.1679,0.6336,0.687,
12.465,-0.1165,0.0149,1.0237,0.1908,0.5115,0.5802,
12.485,-0.1152,0.0151,1.0164,0.1756,0.5344,0.5573,
12.505,-0.114,0.0156,1.0249,0.1603,0.5344,0.6641,
12.525,-0.1147,0.011,1.0193,0.1374,0.5191,0.5649,
12.545,-0.1155,0.0122,1.0232,0.1679,0.5878,0.5878,
12.565,-0.1204,0.0168,1.0181,0.1145,0.5344,0.6565,
12.585,-0.1162,0.0156,1.0205,0.1221,0.5802,0.5954,
12.605,-0.1157,0.0151,1.0164,0.1832,0.5725,0.6336,
12.625,-0.115,0.0164,1.0134,0.1908,0.6565,0.6336,
12.645,-0.1152,0.0168,1.0227,0.0916,0.5802,0.6336,
12.665,-0.1169,0.0139,1.0237,0.0916,0.5191,0.6412,
12.685,-0.1213,0.0193,1.0186,0.1985,0.5038,0.5573,
12.705,-0.1174,0.0183,1.019,0.1221,0.5344,0.458,
12.725,-0.1162,0.0129,1.0234,0.1756,0.4656,0.5954,
12.745,-0.1147,0.0178,1.0239,0.1527,0.7099,0.5802,
12.765,-0.1162,0.0146,1.0229,0.1603,0.542,0.6641,
12.785,-0.1184,0.0137,1.0205,0.2366,0.5573,0.6565,
12.805,-0.115,0.0151,1.0286,0.084,0.5191,0.5344,
12.825,-0.1206,0.0139,1.0232,0.1603,0.4809,0.5954,
12.845,-0.1179,0.0154,1.0198,0.2137,0.6336,0.626,
12.865,-0.1177,0.0146,1.0198,0.1603,0.5191,0.5878,
12.886,-0.1179,0.019,1.0195,0.1374,0.5267,0.5649,
12.905,-0.116,0.0164,1.0208,0.1832,0.6565,0.5954,
12.925,-0.1182,0.0168,1.0237,0.2137,0.4809,0.5802,
12.945,-0.1196,0.0171,1.0217,0.2519,0.4962,0.5878,
12.965,-0.1169,0.0181,1.0239,0.1832,0.5878,0.6107,
12.985,-0.1182,0.0164,1.021,0.1985,0.5649,0.5954,
13.005,-0.1172,0.0146,1.0195,0.1985,0.5267,0.6641,
13.025,-0.1208,0.0154,1.02,0.1908,0.6794,0.6641,
13.045,-0.1145,0.0154,1.0171,0.0992,0.5115,0.6031,
13.065,-0.1184,0.0164,1.0237,0.1756,0.542,0.5802,
13.085,-0.1191,0.0125,1.021,0.1298,0.5802,0.6183,
13.105,-0.1165,0.0137,1.0276,0.1069,0.5496,0.5954,
13.125,-0.1152,0.0115,1.0208,0.0763,0.4962,0.5954,
13.145,-0.1152,0.0188,1.0139,0.1374,0.5267,0.6183,
13.165,-0.115,0.02,1.0203,0.0687,0.5878,0.5878,
13.185,-0.1187,0.0183,1.0168,0.0916,0.5496,0.6489,
13.205,-0.115,0.0178,1.0137,0.1527,0.6107,0.6565,
13.225,-0.1152,0.0146,1.0205,0.2061,0.6718,0.6489,
13.245,-0.1201,0.0164,1.0247,0.1374,0.6183,0.5802,
13.265,-0.113,0.0144,1.0217,0.1756,0.6107,0.5496,
13.285,-0.1218,0.0159,1.0183,0.2137,0.5573,0.6107,
13.305,-0.1199,0.0144,1.0166,0.1603,0.6794,0.5878,
13.325,-0.1174,0.0161,1.0261,0.1527,0.4122,0.5344,
13.345,-0.1189,0.0154,1.0225,0.1603,0.5649,0.6412,
13.365,-0.1165,0.0173,1.0222,0.0687,0.5267,0.5725,
13.385,-0.1152,0.0183,1.0261,0.2137,0.5267,0.5878,
13.405,-0.1182,0.0203,1.0283,0.1221,0.6031,0.5649,
13.425,-0.1128,0.0161,1.0212,0.2061,0.5344,0.7099,
13.445,-0.1157,0.0149,1.0183,0.1145,0.5802,0.5649,
13.465,-0.1167,0.0144,1.0203,0.0763,0.6031,0.5496,
13.485,-0.1167,0.0142,1.0293,0.2519,0.5649,0.5573,
13.505,-0.1174,0.0129,1.0217,0.1832,0.6412,0.5878,
13.526,-0.1184,0.0129,1.0195,0.084,0.5573,0.6183,
13.545,-0.1169,0.0156,1.0208,0.0305,0.5573,0.626,
13.565,-0.1177,0.0144,1.0222,0.1069,0.6107,0.5649,
13.585,-0.115,0.0176,1.0222,0.1527,0.4733,0.6718,
13.605,-0.1152,0.0171,1.0198,0.0687,0.626,0.6489,
13.625,-0.1169,0.0171,1.0271,0.1985,0.5573,0.5038,
13.645,-0.1184,0.0129,1.0229,0.0916,0.6947,0.5878,
13.665,-0.1226,0.0156,1.0266,0.1832,0.6107,0.687,
13.685,-0.1189,0.0149,1.0195,0.2061,0.5496,0.6641,
13.705,-0.115,0.0154,1.0232,0.2366,0.4733,0.6489,
13.725,-0.1143,0.0168,1.0232,0.2595,0.4809,0.6412,
13.745,-0.1162,0.0181,1.012,0.145,0.5954,0.5573,
13.765,-0.1155,0.0164,1.0222,0.1679,0.6031,0.5649,
13.785,-0.1206,0.0137,1.0166,0.1908,0.5344,0.6794,
13.805,-0.116,0.0134,1.019,0.1756,0.6183,0.5573,
13.825,-0.1162,0.0151,1.0203,0.2595,0.5038,0.5878,
13.845,-0.116,0.0183,1.02,0.2137,0.626,0.626,
13.865,-0.1174,0.0176,1.0195,0.1832,0.6565,0.6031,
13.885,-0.1174,0.0159,1.0176,0.0916,0.5038,0.6412,
13.905,-0.1184,0.0154,1.02,0.1069,0.6412,0.5878,
13.925,-0.1116,0.0149,1.0217,0.1374,0.5115,0.542,
13.945,-0.1189,0.0161,1.0259,0.2137,0.6031,0.6565,
13.965,-0.1182,0.0156,1.0188,0.1832,0.5725,0.5725,
13.985,-0.1196,0.0161,1.0193,0.2137,0.5878,0.5725,
14.005,-0.1187,0.0139,1.0208,0.1374,0.5267,0.7176,
14.025,-0.1152,0.0156,1.0215,0.2061,0.5573,0.6107,
14.045,-0.1204,0.0156,1.0251,0.0763,0.5649,0.5725,
14.065,-0.1165,0.0137,1.0144,0.1298,0.5344,0.626,
14.085,-0.1187,0.0168,1.0168,0.0458,0.542,0.6412,
14.105,-0.1169,0.0125,1.0244,0.1374,0.5344,0.5725,
14.125,-0.1169,0.0144,1.0212,0.0992,0.6718,0.6565,
14.145,-0.1187,0.019,1.0237,0.1221,0.5115,0.6565,
14.166,-0.1201,0.0134,1.0186,0.2214,0.4504,0.6107,
14.185,-0.1184,0.0142,1.0205,0.1221,0.5878,0.6031,
14.205,-0.1179,0.0142,1.0198,0.1221,0.458,0.6031,
14.225,-0.1167,0.0164,1.0273,0.1908,0.4962,0.6031,
14.245,-0.1174,0.0142,1.0229,0.1221,0.5038,0.5802,
14.265,-0.1189,0.0149,1.02,0.0916,0.5115,0.6107,
14.285,-0.1138,0.0146,1.0286,0.1679,0.5649,0.5878,
14.305,-0.1152,0.0137,1.0195,0.2061,0.6183,0.5496,
14.325,-0.1155,0.0127,1.0178,0.0992,0.5191,0.5878,
14.345,-0.116,0.0127,1.0222,0.2824,0.5191,0.6947,
14.365,-0.1169,0.0164,1.0269,0.1527,0.542,0.5954,
14.385,-0.1155,0.0149,1.0295,0.145,0.5954,0.6336,
14.405,-0.113,0.0134,1.0186,0.1756,0.6031,0.5954,
14.425,-0.116,0.0142,1.0229,0.1985,0.4733,0.5649,
14.445,-0.1174,0.0176,1.0232,0.2061,0.4962,0.5802,
14.465,-0.1121,0.0181,1.0217,0.1756,0.4962,0.687,
14.485,-0.1165,0.0173,1.0212,0.1069,0.542,0.6794,
14.505,-0.1199,0.0203,1.022,0.1603,0.6718,0.6336,
14.525,-0.116,0.0173,1.0168,0.1298,0.5115,0.5878,
14.545,-0.1172,0.0161,1.0222,0.0992,0.5496,0.5725,
14.565,-0.1196,0.0154,1.02,0.1374,0.6718,0.626,
14.585,-0.1211,0.0151,1.0193,0.1985,0.6031,0.542,
14.605,-0.1199,0.0164,1.019,0.145,0.542,0.5878,
14.625,-0.115,0.0142,1.0195,0.2061,0.4885,0.542,
14.645,-0.1147,0.0164,1.0212,0.1527,0.4504,0.5878,
14.665,-0.1162,0.012,1.0259,0.1603,0.4656,0.6489,
14.685,-0.1189,0.0137,1.0176,0.2366,0.542,0.626,
14.705,-0.1199,0.0154,1.0183,0.145,0.5267,0.5878,
14.725,-0.1165,0.0166,1.0188,0.1679,0.5267,0.6107,
14.745,-0.1172,0.0127,1.0168,0.1221,0.5802,0.5725,
14.765,-0.1177,0.0154,1.0254,0.0763,0.5115,0.626,
14.785,-0.1191,0.0173,1.0215,0.1832,0.6565,0.5496,
14.806,-0.1196,0.0146,1.0232,0.1756,0.5878,0.5802,
14.825,-0.124,0.0171,1.0269,0.1527,0.6718,0.6718,
14.845,-0.1133,0.0186,1.0227,0.1527,0.5191,0.6031,
14.865,-0.116,0.0151,1.0227,0.0763,0.4122,0.6412,
14.885,-0.1194,0.0181,1.0203,0.1145,0.4733,0.5954,
14.905,-0.1196,0.0098,1.0178,0.0763,0.5802,0.5496,
14.925,-0.1196,0.0142,1.0183,0.2061,0.5878,0.6489,
14.945,-0.1189,0.0132,1.0251,0.1221,0.5038,0.626,
14.965,-0.1182,0.0129,1.0261,0.2137,0.5191,0.6183,
14.985,-0.1211,0.0156,1.0217,0.0992,0.458,0.7328,
15.005,-0.1157,0.0166,1.0269,0.145,0.5038,0.6412,
15.025,-0.1125,0.02,1.0208,0.084,0.6031,0.6183,
15.045,-0.114,0.0181,1.0251,0.1679,0.5038,0.626,
15.065,-0.1167,0.0168,1.0129,0.1908,0.6107,0.6718,
15.085,-0.1155,0.0149,1.0227,0.1603,0.5115,0.5496,
15.105,-0.115,0.0186,1.0188,0.2443,0.6183,0.6412,
15.125,-0.1196,0.0195,1.0195,0.1221,0.626,0.5878,
15.145,-0.1204,0.0188,1.0217,0.145,0.4504,0.4809,
15.165,-0.1179,0.0142,1.0205,0.1298,0.4809,0.6183,
15.185,-0.1155,0.0149,1.0203,0.145,0.4427,0.5191,
15.205,-0.1182,0.0125,1.0225,0.0992,0.5573,0.6183,
15.225,-0.1189,0.0112,1.0225,0.1908,0.5267,0.5878,
15.245,-0.1174,0.0115,1.022,0.229,0.5496,0.5344,
15.265,-0.1211,0.0176,1.0239,0.1603,0.5496,0.5954,
15.285,-0.1208,0.0151,1.0222,0.1756,0.542,0.5115,
15.305,-0.1162,0.0132,1.0237,0.1527,0.4198,0.5954,
15.325,-0.1169,0.0188,1.0186,0.145,0.6565,0.5573,
15.345,-0.1172,0.0195,1.0271,0.1221,0.5649,0.6031,
15.365,-0.1174,0.0176,1.0229,0.1756,0.4809,0.6336,
15.385,-0.116,0.0183,1.0193,0.1679,0.5878,0.6489,
15.405,-0.1196,0.0176,1.0205,0.1985,0.5725,0.5802,
15.425,-0.1177,0.0139,1.019,0.145,0.5954,0.6565,
15.446,-0.1165,0.0151,1.0181,0.1298,0.5191,0.4885,
15.465,-0.1189,0.0134,1.0239,0.1832,0.4656,0.5878,
15.485,-0.1179,0.0134,1.0242,0.1374,0.4962,0.6107,
15.505,-0.1169,0.0183,1.0225,0.1069,0.4656,0.6412,
15.525,-0.1167,0.011,1.0225,0.0687,0.542,0.5191,
15.545,-0.1201,0.0149,1.022,0.2137,0.4962,0.5344,
15.565,-0.1194,0.0164,1.0168,0.1069,0.6183,0.5649,
15.585,-0.1196,0.0181,1.0198,0.2137,0.5649,0.6183,
15.605,-0.1179,0.0146,1.0188,0.2061,0.5344,0.6336,
15.625,-0.1196,0.0217,1.0166,0.1069,0.458,0.6183,
15.645,-0.1118,0.0173,1.0178,0.1527,0.5725,0.7023,
15.665,-0.1145,0.0156,1.0225,0.1679,0.5191,0.6565,
15.685,-0.1201,0.0181,1.0193,0.0916,0.4962,0.5878,
15.705,-0.1187,0.0144,1.0269,0.145,0.6565,0.6031,
15.725,-0.1162,0.0125,1.0171,0.0763,0.6794,0.626,
15.745,-0.1216,0.0149,1.0237,0.1527,0.5038,0.6336,
15.765,-0.1145,0.0168,1.0217,0.1527,0.5496,0.6412,
15.785,-0.1157,0.0166,1.0181,0.1527,0.5344,0.5954,
15.805,-0.1169,0.011,1.0256,0.0382,0.5725,0.5878,
15.825,-0.1147,0.0161,1.0247,0.1527,0.5649,0.5802,
15.845,-0.1194,0.0178,1.021,0.1298,0.5496,0.542,
15.865,-0.1206,0.0188,1.0198,0.1298,0.7099,0.6412,
15.885,-0.1165,0.0183,1.0208,0.145,0.6183,0.6565,
15.905,-0.1167,0.0139,1.0181,0.0992,0.542,0.5649,
15.925,-0.115,0.0156,1.0239,0.145,0.4427,0.626,
15.945,-0.1143,0.0142,1.0193,0.1069,0.6183,0.5344,
15.965,-0.1167,0.0173,1.0227,0.1221,0.5878,0.5344,
15.985,-0.1155,0.0137,1.0173,0.1908,0.5496,0.5954,
16.005,-0.1206,0.0139,1.0217,0.0916,0.5344,0.6336,
16.025,-0.1199,0.0112,1.0215,0.0611,0.458,0.5954,
16.045,-0.1133,0.0142,1.0229,0.1985,0.5802,0.5725,
16.065,-0.1179,0.0132,1.021,0.084,0.5573,0.5115,
16.086,-0.1167,0.0178,1.0146,0.1145,0.5878,0.6336,
16.105,-0.1167,0.0168,1.0215,0.1985,0.5191,0.5725,
16.125,-0.1169,0.0154,1.0229,0.1985,0.6336,0.6031,
16.145,-0.1196,0.0146,1.022,0.1527,0.5267,0.5954,
16.165,-0.1152,0.0171,1.0239,0.1679,0.5954,0.5954,
16.185,-0.1177,0.0164,1.0217,0.145,0.542,0.5649,
16.205,-0.1204,0.0134,1.0217,0.0916,0.5496,0.5725,
16.225,-0.1189,0.0176,1.0154,0.145,0.6031,0.6183,
16.245,-0.1169,0.0168,1.0188,0.0458,0.5802,0.6183,
16.265,-0.1167,0.0178,1.0244,0.1374,0.5725,0.5573,
16.285,-0.1162,0.0115,1.0164,0.1527,0.5496,0.6031,
16.305,-0.1179,0.0112,1.0193,0.1603,0.4885,0.6947,
16.325,-0.1145,0.0142,1.0264,0.1298,0.542,0.6031,
16.345,-0.1169,0.0151,1.0215,0.1756,0.5878,0.5496,
16.365,-0.1169,0.0142,1.0198,0.1221,0.5496,0.5802,
16.385,-0.1182,0.0127,1.0173,0.1756,0.6031,0.6718,
16.405,-0.1187,0.0134,1.021,0.145,0.6336,0.542,
16.425,-0.1167,0.0151,1.0227,0.084,0.7099,0.7023,
16.445,-0.1167,0.0188,1.021,0.0611,0.5267,0.6718,
16.465,-0.1143,0.0186,1.021,0.1679,0.6031,0.6412,
16.485,-0.113,0.0166,1.0249,0.0687,0.626,0.626,
16.505,-0.1216,0.0164,1.0251,0.0992,0.5038,0.6107,
16.525,-0.1211,0.0188,1.0242,0.0687,0.5344,0.5725,
16.545,-0.1165,0.0149,1.0232,0.1908,0.4656,0.6107,
16.565,-0.1194,0.0122,1.0198,0.1527,0.6412,0.542,
16.585,-0.114,0.0085,1.0237,0.1221,0.5496,0.5573,
16.605,-0.1165,0.0112,1.0234,0.1374,0.5496,0.6107,
16.625,-0.1191,0.0146,1.0232,0.1756,0.5496,0.6489,
16.645,-0.1167,0.0122,1.0149,0.1069,0.6031,0.6336,
16.665,-0.1157,0.0183,1.0188,0.1374,0.5496,0.6412,
16.685,-0.115,0.0195,1.019,0.0916,0.5725,0.5802,
16.705,-0.1143,0.0225,1.0205,0.1527,0.5649,0.5954,
16.726,-0.1194,0.019,1.0195,0.1832,0.4809,0.5725,
16.745,-0.1167,0.02,1.0225,0.084,0.4504,0.6641,
16.765,-0.114,0.0186,1.019,0.1527,0.5649,0.6336,
16.785,-0.1116,0.0122,1.0186,0.2824,0.6031,0.6031,
16.805,-0.1199,0.0142,1.0188,0.1985,0.5649,0.6489,
16.825,-0.1182,0.0107,1.022,0.2214,0.626,0.6031,
16.845,-0.1196,0.0107,1.0225,0.1832,0.5344,0.6107,
16.865,-0.1147,0.0085,1.0229,0.0763,0.4656,0.5115,
16.885,-0.1165,0.0098,1.0239,0.1985,0.6412,0.5954,
16.905,-0.1187,0.0127,1.0154,0.1603,0.6336,0.5802,
16.925,-0.1174,0.019,1.0164,0.2214,0.5115,0.6336,
16.945,-0.1194,0.0205,1.0264,0.1603,0.6336,0.6794,
16.965,-0.1194,0.0188,1.02,0.145,0.6718,0.5878,
16.985,-0.1165,0.0234,1.0283,0.2366,0.5191,0.6718,
17.005,-0.1143,0.0205,1.0232,0.1679,0.542,0.5573,
17.025,-0.1177,0.0161,1.0269,0.1603,0.542,0.5573,
17.045,-0.1177,0.0149,1.02,0.1908,0.5038,0.5802,
17.065,-0.1165,0.0125,1.0227,0.084,0.6794,0.6489,
17.085,-0.1177,0.01,1.0232,0.145,0.5038,0.5878,
17.105,-0.1191,0.0137,1.0193,0.1527,0.6565,0.687,
17.125,-0.1145,0.0105,1.0244,0.2061,0.4962,0.6489,
17.145,-0.1196,0.0142,1.0193,0.1603,0.7634,0.5496,
17.165,-0.1116,0.0142,1.0227,0.1298,0.6031,0.5802,
17.185,-0.1177,0.0151,1.0198,0.0992,0.6107,0.4427,
17.205,-0.1187,0.0208,1.0215,0.2137,0.5344,0.5573,
17.225,-0.1169,0.0188,1.0254,0.0916,0.4885,0.6794,
17.245,-0.1145,0.0171,1.0217,0.0916,0.458,0.626,
17.265,-0.1152,0.019,1.0176,0.1908,0.5802,0.5496,
17.285,-0.1194,0.0198,1.0232,0.1298,0.5267,0.5344,
17.305,-0.1177,0.0164,1.0217,0.1527,0.4733,0.6794,
17.325,-0.1174,0.012,1.0181,0.0916,0.4885,0.6641,
17.345,-0.1138,0.0103,1.0222,0.1908,0.5649,0.6336,
17.366,-0.1172,0.0122,1.0203,0.1221,0.542,0.6183,
17.385,-0.1191,0.0156,1.0229,0.2214,0.5954,0.6183,
17.405,-0.1179,0.0132,1.0181,0.1756,0.6489,0.5649,
17.425,-0.115,0.0144,1.0166,0.1603,0.5115,0.5954,
17.445,-0.1194,0.0183,1.0215,0.0305,0.458,0.7099,
17.465,-0.1162,0.0144,1.0203,0.1527,0.5878,0.6183,
17.485,-0.1155,0.0173,1.019,0.1374,0.542,0.6107,
17.505,-0.1182,0.0205,1.0193,0.1679,0.4962,0.6412,
17.525,-0.1165,0.0193,1.0205,0.0916,0.5878,0.5573,
17.545,-0.1204,0.0178,1.0183,0.1145,0.5954,0.6718,
17.565,-0.1189,0.0183,1.0229,0.1908,0.6794,0.626,
17.585,-0.1187,0.011,1.0164,0.1756,0.5954,0.542,
17.605,-0.116,0.0122,1.0232,0.1679,0.5802,0.5725,
17.625,-0.1135,0.0083,1.0244,0.145,0.4885,0.6489,
17.645,-0.1187,0.0149,1.0171,0.1756,0.542,0.7252,
17.665,-0.1194,0.0195,1.0215,0.145,0.5649,0.6565,
17.685,-0.1233,0.011,1.0195,0.1679,0.6107,0.5802,
17.705,-0.1191,0.0181,1.0249,0.1298,0.5573,0.6412,
17.725,-0.1152,0.0144,1.0251,0.1298,0.542,0.6565,
17.745,-0.1169,0.0176,1.0261,0.1221,0.5573,0.5954,
17.765,-0.1172,0.0225,1.0183,0.1832,0.4427,0.6794,
17.785,-0.1182,0.0181,1.0232,0.1527,0.5267,0.7099,
17.805,-0.1179,0.0168,1.0193,0.1908,0.5496,0.5954,
17.825,-0.1157,0.0181,1.0203,0.1298,0.542,0.6031,
17.845,-0.1189,0.02,1.0205,0.1069,0.5573,0.5802,
17.865,-0.1213,0.0085,1.0242,0.2214,0.5878,0.5954,
17.885,-0.1189,0.0112,1.0205,0.1908,0.5191,0.5954,
17.905,-0.1199,0.0093,1.0254,0.1908,0.5191,0.5725,
17.925,-0.1167,0.0105,1.0215,0.1069,0.4656,0.6107,
17.945,-0.1135,0.0112,1.0198,0.084,0.5802,0.5802,
17.965,-0.1152,0.0137,1.0203,0.1527,0.5191,0.6336,
17.985,-0.1162,0.012,1.0251,0.2214,0.5115,0.6412,
18.006,-0.1165,0.0161,1.0188,0.2137,0.6641,0.626,
18.025,-0.1213,0.0198,1.0254,0.1374,0.5878,0.5267,
18.045,-0.1194,0.0232,1.0283,0.1221,0.5954,0.6641,
18.065,-0.1145,0.02,1.0212,0.1832,0.5954,0.5649,
18.085,-0.1174,0.0215,1.0198,0.1832,0.4351,0.6336,
18.105,-0.1143,0.0188,1.0247,0.1221,0.4962,0.5725,
18.125,-0.1165,0.0156,1.0251,0.0763,0.5802,0.6794,
18.145,-0.115,0.0161,1.0217,0.0534,0.5344,0.542,
18.165,-0.114,0.0107,1.0205,0.1603,0.4809,0.6641,
18.185,-0.1143,0.0105,1.0227,0.2061,0.5267,0.6336,
18.205,-0.1165,0.0115,1.0217,0.1298,0.458,0.5573,
18.225,-0.1199,0.0122,1.0188,0.1298,0.5954,0.6336,
18.245,-0.1194,0.0146,1.0181,0.1145,0.5191,0.6412,
18.265,-0.1145,0.0193,1.0173,0.1069,0.5267,0.6718,
18.285,-0.1133,0.0154,1.0225,0.0763,0.6565,0.626,
18.305,-0.1128,0.0186,1.0156,0.1756,0.6336,0.6336,
18.325,-0.1177,0.0173,1.0186,0.0992,0.5649,0.6489,
18.345,-0.1157,0.0159,1.0168,0.2214,0.5649,0.6107,
18.365,-0.1174,0.0178,1.0212,0.2137,0.4504,0.6183,
18.385,-0.1196,0.0142,1.0212,0.1908,0.5267,0.5802,
18.405,-0.1165,0.0139,1.0139,0.1679,0.542,0.6336,
18.425,-0.1184,0.0134,1.0247,0.1221,0.4198,0.5649,
18.445,-0.1167,0.0139,1.0244,0.084,0.6031,0.5725,
18.465,-0.1167,0.0117,1.0139,0.2137,0.6565,0.6183,
18.485,-0.1167,0.0166,1.021,0.0992,0.5802,0.6183,
18.505,-0.1172,0.0107,1.0208,0.1832,0.6107,0.626,
18.525,-0.114,0.0156,1.0244,0.2748,0.542,0.5496,
18.545,-0.1182,0.0137,1.0312,0.084,0.5344,0.6107,
18.565,-0.1187,0.0166,1.0178,0.0916,0.5573,0.5496,
18.585,-0.1189,0.0168,1.0188,0.1603,0.5115,0.6107,
18.605,-0.1152,0.0188,1.0212,0.1221,0.4504,0.7176,
18.625,-0.1165,0.0198,1.0193,0.1679,0.5267,0.626,
18.646,-0.1177,0.02,1.022,0.0611,0.5954,0.6031,
18.665,-0.1157,0.0171,1.0256,0.1832,0.6718,0.6183,
18.685,-0.1179,0.0144,1.0234,0.145,0.6489,0.4885,
18.705,-0.1172,0.0137,1.0176,0.1527,0.5573,0.687,
18.725,-0.1152,0.0146,1.0198,0.1069,0.4962,0.5878,
18.745,-0.1191,0.0132,1.0222,0.1908,0.5649,0.626,
18.765,-0.1165,0.0132,1.0188,0.1527,0.5878,0.5267,
18.785,-0.1169,0.0161,1.0188,0.1603,0.4733,0.6489,
18.805,-0.116,0.0132,1.0215,0.145,0.542,0.5496,
18.825,-0.1194,0.0159,1.0203,0.1374,0.6412,0.6489,
18.845,-0.1157,0.0164,1.0234,0.1374,0.4809,0.6107,
18.865,-0.1177,0.0156,1.0266,0.0763,0.458,0.6412,
18.885,-0.1182,0.0159,1.0249,0.084,0.5649,0.6565,
18.905,-0.116,0.0159,1.0193,0.1527,0.4962,0.542,
18.925,-0.1199,0.0161,1.0166,0.2137,0.5038,0.5802,
18.945,-0.1201,0.0144,1.0154,0.145,0.5954,0.6107,
18.965,-0.1157,0.0149,1.0203,0.145,0.626,0.6641,
18.985,-0.1177,0.0151,1.0242,0.1374,0.5267,0.687,
19.005,-0.1155,0.0117,1.0242,0.1908,0.5191,0.5725,
19.025,-0.1177,0.0154,1.0156,0.145,0.4962,0.5649,
19.045,-0.1179,0.0166,1.02,0.2061,0.5802,0.5573,
19.065,-0.1133,0.0142,1.0198,0.084,0.3969,0.5344,
19.085,-0.1147,0.0154,1.0273,0.1603,0.687,0.6031,
19.105,-0.1155,0.0156,1.022,0.1298,0.6031,0.5954,
19.125,-0.1143,0.0195,1.0176,0.1603,0.5115,0.6565,
19.145,-0.1177,0.0168,1.0151,0.2443,0.5115,0.5496,
19.165,-0.115,0.0178,1.0171,0.1527,0.542,0.5649,
19.185,-0.1172,0.0166,1.0215,0.2137,0.5115,0.6489,
19.205,-0.1194,0.0151,1.0203,0.1679,0.5267,0.5725,
19.225,-0.1162,0.0154,1.0181,0.0916,0.5649,0.5954,
19.245,-0.1157,0.019,1.0229,0.2061,0.5267,0.5191,
19.265,-0.1157,0.0137,1.021,0.145,0.5649,0.5878,
19.286,-0.1177,0.0105,1.0222,0.1069,0.5878,0.5878,
19.305,-0.1169,0.0112,1.0222,0.1145,0.5878,0.4809,
19.325,-0.1189,0.0129,1.0159,0.0992,0.5573,0.6412,
19.345,-0.1172,0.0156,1.0181,0.1527,0.542,0.6412,
19.365,-0.1157,0.0156,1.0159,0.2672,0.5344,0.6412,
19.385,-0.1167,0.0178,1.0232,0.1527,0.5573,0.5573,
19.405,-0.1206,0.0151,1.0247,0.2137,0.4656,0.6641,
19.425,-0.1167,0.0132,1.0186,0.0305,0.6183,0.5725,
19.445,-0.1189,0.0178,1.0186,0.2366,0.5802,0.5802,
19.465,-0.1182,0.0161,1.019,0.0687,0.4656,0.6183,
19.485,-0.1182,0.0132,1.0173,0.1298,0.6031,0.687,
19.505,-0.1189,0.0161,1.0266,0.084,0.5573,0.626,
19.525,-0.1177,0.0137,1.0173,0.1985,0.6183,0.6412,
19.545,-0.1157,0.0139,1.0234,0.1985,0.5802,0.6183,
19.565,-0.1177,0.0137,1.0251,0.1603,0.6565,0.6107,
19.585,-0.114,0.0142,1.0239,0.1527,0.4504,0.542,
19.605,-0.1169,0.0161,1.0171,0.1069,0.4885,0.7252,
19.625,-0.1147,0.0195,1.0229,0.1527,0.6718,0.6489,
19.645,-0.1167,0.0205,1.0203,0.2061,0.5115,0.5573,
19.665,-0.1133,0.0188,1.0212,0.0992,0.5725,0.542,
19.685,-0.1179,0.0195,1.0232,0.0076,0.6641,0.6718,
19.705,-0.1167,0.0188,1.021,0.1679,0.5191,0.5954,
19.725,-0.1177,0.0156,1.0242,0.145,0.4351,0.6641,
19.745,-0.1191,0.0122,1.0227,0.2061,0.4809,0.6031,
19.765,-0.115,0.0137,1.0203,0.1756,0.5878,0.6107,
19.785,-0.1169,0.0159,1.0208,0.1985,0.5115,0.5802,
19.805,-0.115,0.0154,1.0225,0.2214,0.5267,0.5878,
19.825,-0.1172,0.0137,1.0232,0.1298,0.6183,0.5802,
19.845,-0.1167,0.0186,1.0203,0.1527,0.5115,0.5191,
19.865,-0.1184,0.0183,1.0198,0.1374,0.5496,0.542,
19.885,-0.1191,0.0149,1.0254,0.1374,0.6412,0.6031,
19.905,-0.1189,0.0173,1.0276,0.1603,0.4962,0.6489,
19.926,-0.1189,0.0142,1.0222,0.1374,0.5344,0.5344,
19.945,-0.1174,0.0166,1.0188,0.1298,0.5344,0.6031,
19.965,-0.1189,0.0149,1.0203,0.1832,0.542,0.5267,
19.985,-0.1189,0.0164,1.0186,0.1603,0.5191,0.626,
20.005,-0.1177,0.0164,1.0198,0.1221,0.5878,0.5802,
20.025,-0.1165,0.0146,1.0188,0.1832,0.5344,0.6336,
20.045,-0.115,0.0142,1.021,0.0916,0.5344,0.6183,
20.065,-0.1147,0.0168,1.0254,0.2137,0.5878,0.7328,
20.085,-0.1182,0.0151,1.0186,0.1832,0.5878,0.6947,
20.105,-0.115,0.0134,1.0168,0.1374,0.5954,0.6336,
20.125,-0.1184,0.0164,1.0222,0.1832,0.5573,0.5725,
20.145,-0.1196,0.0156,1.0178,0.1221,0.4962,0.5344,
20.165,-0.1174,0.0164,1.0249,0.1221,0.542,0.6107,
20.185,-0.1165,0.0193,1.0278,0.1908,0.542,0.6489,
20.205,-0.1177,0.0142,1.0237,0.1756,0.4351,0.626,
20.225,-0.1167,0.0151,1.0193,0.1603,0.626,0.5878,
20.245,-0.1206,0.0159,1.0212,0.1756,0.4733,0.5725,
20.265,-0.1167,0.0151,1.0251,0.2137,0.5267,0.6489,
20.285,-0.1167,0.0132,1.0254,0.0611,0.5344,0.6031,
20.305,-0.1169,0.0146,1.0234,0.0763,0.5191,0.5191,
20.325,-0.1162,0.0164,1.021,0.1145,0.6107,0.6412,
20.345,-0.1177,0.0156,1.0251,0.0992,0.4656,0.626,
20.365,-0.1194,0.0166,1.0212,0.1832,0.4427,0.5725,
20.385,-0.1162,0.0134,1.0134,0.1603,0.5725,0.5802,
20.405,-0.1184,0.0122,1.0283,0.1298,0.5802,0.6565,
20.425,-0.1172,0.0159,1.0146,0.145,0.6412,0.6031,
20.445,-0.1223,0.0134,1.0205,0.1985,0.5191,0.6183,
20.465,-0.1152,0.0125,1.021,0.0916,0.4427,0.6336,
20.485,-0.115,0.0195,1.0276,0.1298,0.4885,0.6412,
20.505,-0.1174,0.0164,1.0193,0.1298,0.6412,0.7176,
20.525,-0.1191,0.0149,1.0229,0.1298,0.5496,0.6336,
20.545,-0.114,0.0164,1.0178,0.1527,0.5344,0.5954,
20.566,-0.1191,0.0183,1.0186,0.1832,0.5954,0.5878,
20.585,-0.1147,0.0146,1.0283,0.2366,0.5878,0.6183,
20.605,-0.1152,0.0144,1.0186,0.1527,0.5267,0.6641,
20.625,-0.1169,0.0154,1.0251,0.1145,0.4962,0.6031,
20.645,-0.1201,0.0144,1.0256,-0.0076,0.5496,0.5191,
20.665,-0.1191,0.0154,1.0166,0.3206,0.5344,0.5954,
20.685,-0.1184,0.0161,1.021,0.1908,0.5573,0.626,
20.705,-0.1182,0.0173,1.0225,0.1221,0.6412,0.5496,
20.725,-0.1165,0.0188,1.0203,0.1756,0.626,0.6031,
20.745,-0.1221,0.0129,1.0212,0.1527,0.5878,0.5954,
20.765,-0.1177,0.0134,1.0229,0.1603,0.5802,0.5878,
20.785,-0.1162,0.0125,1.0198,0.1145,0.6641,0.5267,
20.805,-0.1194,0.0146,1.0215,0.1221,0.4733,0.5344,
20.825,-0.115,0.0149,1.0208,0.1756,0.5267,0.5649,
20.845,-0.1155,0.02,1.0259,0.1756,0.4962,0.5649,
20.865,-0.1135,0.0183,1.0181,0.084,0.6336,0.6489,
20.885,-0.1184,0.0203,1.0232,0.145,0.5649,0.5344,
20.905,-0.1172,0.0181,1.0283,0.1298,0.5725,0.5954,
20.925,-0.1165,0.0171,1.0215,0.1069,0.5267,0.6031,
20.945,-0.1165,0.0134,1.0234,0.1756,0.5725,0.5802,
20.965,-0.1169,0.0112,1.0208,0.145,0.5725,0.6641,
20.985,-0.1145,0.0132,1.0222,0.1221,0.5954,0.5649,
21.005,-0.1165,0.0149,1.0212,0.1603,0.5573,0.6031,
21.025,-0.1182,0.0151,1.0176,0.0916,0.5573,0.6183,
21.045,-0.1204,0.0164,1.0225,0.1298,0.5344,0.626,
21.065,-0.1162,0.0183,1.0249,0.1756,0.5802,0.6183,
21.085,-0.1162,0.0127,1.0166,0.1145,0.4962,0.4809,
21.105,-0.1174,0.0137,1.0229,0.2061,0.5344,0.5954,
21.125,-0.1169,0.0154,1.0203,0.1908,0.5802,0.6565,
21.145,-0.1172,0.0156,1.0203,0.1374,0.4656,0.5725,
21.165,-0.1211,0.0188,1.0251,0.1298,0.5115,0.4885,
21.185,-0.1204,0.0134,1.0139,0.084,0.5191,0.6031,
21.206,-0.1177,0.0105,1.0181,0.0763,0.5496,0.5191,
21.225,-0.1177,0.0137,1.0225,0.2061,0.6336,0.6107,
21.245,-0.1187,0.009,1.0215,0.1298,0.4962,0.6489,
21.265,-0.1174,0.0168,1.0266,0.1756,0.542,0.5573,
21.285,-0.1145,0.0144,1.0259,0.1603,0.5038,0.626,
21.305,-0.1189,0.0154,1.0156,0.1145,0.5191,0.626,
21.325,-0.1174,0.0166,1.0254,0.2214,0.4351,0.5802,
21.345,-0.1165,0.0178,1.0205,0.1221,0.5267,0.5725,
21.365,-0.116,0.0159,1.0168,0.1298,0.5115,0.5878,
21.385,-0.1169,0.019,1.0208,0.0916,0.4885,0.5115,
21.405,-0.1179,0.0127,1.0156,0.1603,0.5802,0.6183,
21.425,-0.1172,0.0193,1.0173,0.145,0.4351,0.6412,
21.445,-0.1162,0.0142,1.0239,0.2137,0.458,0.6107,
21.465,-0.1179,0.0154,1.0188,0.1908,0.6183,0.6641,
21.485,-0.1145,0.0166,1.022,0.1679,0.4275,0.6031,
21.505,-0.1157,0.0139,1.021,0.0916,0.5954,0.6489,
21.525,-0.116,0.0144,1.0144,0.0458,0.5496,0.542,
21.545,-0.1152,0.0154,1.0242,0.1756,0.6183,0.5573,
21.565,-0.1191,0.0146,1.0234,0.1298,0.4962,0.7099,
21.585,-0.1157,0.0142,1.0247,0.1908,0.5954,0.6718,
21.605,-0.1169,0.0171,1.0217,0.1756,0.5344,0.6183,
21.625,-0.1179,0.0159,1.0232,0.0992,0.542,0.6107,
21.645,-0.1162,0.0193,1.0181,0.084,0.5649,0.6718,
21.665,-0.1172,0.0181,1.0166,0.1221,0.4885,0.6412,
21.685,-0.1199,0.0188,1.0259,0.1985,0.4962,0.6031,
21.705,-0.115,0.0166,1.021,0.1756,0.5802,0.5496,
21.725,-0.1194,0.0149,1.021,0.1679,0.5802,0.5649,
21.745,-0.1184,0.0132,1.0173,0.1298,0.4809,0.6641,
21.765,-0.1201,0.0139,1.0208,0.0382,0.458,0.6641,
21.785,-0.1196,0.0137,1.0215,0.2366,0.5115,0.5802,
21.805,-0.1182,0.0142,1.0256,0.145,0.4733,0.6336,
21.825,-0.1191,0.0134,1.022,0.1527,0.6031,0.6336,
21.846,-0.1177,0.0134,1.022,0.1527,0.5496,0.6183,
21.865,-0.1152,0.0122,1.0227,0.1221,0.6183,0.5725,
21.885,-0.1189,0.0178,1.0195,0.145,0.458,0.6947,
21.905,-0.1167,0.0151,1.0266,0.1679,0.5115,0.5802,
21.925,-0.1189,0.0183,1.0269,0.1832,0.5267,0.5038,
21.945,-0.1172,0.0142,1.019,0.1298,0.6031,0.5878,
21.965,-0.1179,0.0137,1.0168,0.1527,0.6565,0.5344,
21.985,-0.1196,0.0151,1.0242,0.1603,0.4351,0.7023,
22.005,-0.1194,0.0173,1.0212,0.1145,0.5649,0.7099,
22.025,-0.1191,0.0159,1.0171,0.1832,0.4504,0.626,
22.045,-0.1152,0.0168,1.0222,0.1374,0.5267,0.5344,
22.065,-0.1174,0.0161,1.0217,0.1832,0.5802,0.5802,
22.085,-0.1157,0.0127,1.0129,0.1527,0.4733,0.6947,
22.105,-0.1174,0.0142,1.0217,0.1527,0.5115,0.5649,
22.125,-0.1169,0.0156,1.0188,0.1527,0.5115,0.6031,
22.145,-0.1206,0.0144,1.0256,0.1832,0.4275,0.5649,
22.165,-0.1194,0.0173,1.022,0.1527,0.5725,0.5344,
22.185,-0.1172,0.0178,1.0222,0.2214,0.5573,0.5802,
22.205,-0.1174,0.0144,1.0237,0.1756,0.5115,0.6031,
22.225,-0.1133,0.0139,1.0225,0.1145,0.5802,0.5649,
22.245,-0.116,0.0125,1.0234,0.2061,0.6107,0.6031,
22.265,-0.1155,0.0144,1.0232,0.145,0.4962,0.6489,
22.285,-0.1152,0.0161,1.0203,0.1527,0.6107,0.6718,
22.305,-0.1172,0.0149,1.0195,0.1832,0.4809,0.5725,
22.325,-0.1177,0.0144,1.0203,0.1298,0.5573,0.542,
22.345,-0.1169,0.0156,1.0188,0.2137,0.5191,0.6641,
22.365,-0.1191,0.0166,1.0261,0.1374,0.5725,0.4733,
22.385,-0.1169,0.0159,1.0183,0.2595,0.5649,0.542,
22.405,-0.1189,0.0146,1.0239,0.2366,0.5115,0.5573,
22.425,-0.1206,0.0132,1.0259,0.1298,0.5496,0.5191,
22.445,-0.1184,0.0144,1.0195,0.145,0.5725,0.542,
22.465,-0.1113,0.0176,1.0203,0.1527,0.4885,0.6412,
22.486,-0.1182,0.0129,1.0254,0.1679,0.5725,0.5496,
22.505,-0.1157,0.0134,1.0254,0.1985,0.6107,0.5496,
22.525,-0.1165,0.011,1.0222,0.1679,0.4885,0.5954,
22.545,-0.1155,0.0139,1.019,0.0687,0.4504,0.626,
22.565,-0.1169,0.0137,1.0166,0.145,0.4733,0.6336,
22.585,-0.1208,0.0161,1.0215,0.0992,0.542,0.6641,
22.605,-0.1167,0.0139,1.0193,0.3053,0.4962,0.6489,
22.625,-0.1177,0.0137,1.0247,0.1221,0.5267,0.6489,
22.645,-0.1204,0.0112,1.0173,0.1603,0.5649,0.542,
22.665,-0.1182,0.0149,1.0173,0.229,0.5344,0.5802,
22.685,-0.1152,0.011,1.0208,0.1374,0.458,0.4962,
22.705,-0.1182,0.0176,1.0273,0.2214,0.5802,0.6794,
22.725,-0.116,0.0171,1.0168,0.1374,0.5115,0.6336,
22.745,-0.1157,0.0132,1.0212,0.1756,0.5267,0.6183,
22.765,-0.1184,0.0146,1.0247,0.2748,0.542,0.5496,
22.785,-0.1216,0.0159,1.0166,0.1832,0.4809,0.626,
22.805,-0.1184,0.0156,1.0183,0.1298,0.4962,0.6031,
22.825,-0.1177,0.0176,1.0273,0.084,0.5954,0.6794,
22.845,-0.1177,0.0164,1.021,0.1527,0.626,0.5878,
22.865,-0.1182,0.0168,1.021,0.1908,0.5725,0.6336,
22.885,-0.1177,0.0188,1.0239,0.1832,0.5191,0.4885,
22.905,-0.1177,0.0142,1.0193,0.1679,0.542,0.6107,
22.925,-0.1147,0.0127,1.0249,0.1221,0.5878,0.5267,
22.945,-0.1174,0.0129,1.0164,0.1221,0.5573,0.6107,
22.965,-0.1147,0.0159,1.0171,0.1603,0.5267,0.7328,
22.985,-0.1184,0.0183,1.0242,0.1298,0.458,0.6718,
23.005,-0.1157,0.0156,1.0183,0.1374,0.5802,0.6641,
23.025,-0.1189,0.0186,1.0215,0.084,0.5802,0.6489,
23.045,-0.1174,0.0159,1.0247,0.1298,0.6031,0.6489,
23.065,-0.1143,0.0171,1.0168,0.1069,0.458,0.5496,
23.085,-0.1147,0.0137,1.0217,0.1908,0.4656,0.6031,
23.105,-0.1206,0.0132,1.0205,0.0611,0.6031,0.5649,
23.126,-0.1177,0.0132,1.0166,0.1298,0.4809,0.5649,
23.145,-0.1189,0.0129,1.0261,0.145,0.5344,0.626,
23.165,-0.1182,0.0159,1.0178,0.229,0.6031,0.6565,
23.185,-0.1179,0.0159,1.0217,0.1527,0.4198,0.6489,
23.205,-0.1182,0.0186,1.021,0.2061,0.4122,0.5802,
23.225,-0.1177,0.0168,1.02,0.0992,0.5267,0.6336,
23.245,-0.1182,0.0173,1.021,0.1908,0.5802,0.5725,
23.265,-0.1174,0.0159,1.0149,0.2443,0.6031,0.6718,
23.285,-0.114,0.0134,1.0193,0.084,0.5115,0.5954,
23.305,-0.1206,0.0142,1.0283,0.1908,0.4504,0.6794,
23.325,-0.1191,0.0142,1.0242,0.0763,0.4122,0.6794,
23.345,-0.1152,0.0205,1.0173,0.1069,0.4885,0.5725,
23.365,-0.1194,0.0178,1.0181,0.1679,0.5573,0.6183,
23.385,-0.113,0.0146,1.0188,0.1756,0.4809,0.5802,
23.405,-0.1155,0.0161,1.0215,0.1069,0.4885,0.5725,
23.425,-0.1155,0.0151,1.0208,0.1298,0.5878,0.6641,
23.445,-0.1191,0.0134,1.0181,0.1145,0.4962,0.5878,
23.465,-0.1169,0.0161,1.0227,0.1374,0.5038,0.5344,
23.485,-0.1191,0.0144,1.0178,0.0229,0.4504,0.6412,
23.505,-0.1147,0.0161,1.0208,0.1069,0.5115,0.6489,
23.525,-0.1174,0.0168,1.0239,0.1221,0.5573,0.6031,
23.545,-0.1194,0.0127,1.0159,0.1145,0.6489,0.6031,
23.565,-0.1167,0.0129,1.0151,0.1069,0.5344,0.6412,
23.585,-0.114,0.0144,1.0229,0.1069,0.4885,0.6718,
23.605,-0.1157,0.0176,1.021,0.2519,0.5115,0.5954,
23.625,-0.1172,0.0146,1.0156,0.229,0.5573,0.5267,
23.645,-0.1172,0.0164,1.0281,0.1603,0.4656,0.5573,
23.665,-0.1174,0.0171,1.022,0.1527,0.687,0.5573,
23.685,-0.115,0.0171,1.0212,0.1985,0.5725,0.5496,
23.705,-0.1187,0.0178,1.0215,0.2366,0.687,0.5878,
23.725,-0.1201,0.0178,1.0205,0.1527,0.6489,0.626,
23.745,-0.115,0.0137,1.0278,0.1603,0.5649,0.5802,
23.766,-0.1135,0.0132,1.0198,0.1374,0.5344,0.6718,
23.785,-0.1199,0.0154,1.0193,0.1145,0.4809,0.5344,
23.805,-0.1189,0.0173,1.0225,0.1221,0.4809,0.5573,
23.825,-0.1143,0.0156,1.0195,0.1679,0.5267,0.5649,
23.845,-0.1177,0.0154,1.0239,0.1069,0.5344,0.6107,
23.865,-0.116,0.0205,1.0251,0.1374,0.4962,0.626,
23.885,-0.1143,0.0193,1.012,0.1679,0.5802,0.5649,
23.905,-0.1187,0.0176,1.0205,0.2214,0.6031,0.6107,
23.925,-0.1177,0.0146,1.019,0.1374,0.4885,0.5573,
23.945,-0.1189,0.0149,1.022,0.1145,0.5725,0.6947,
23.965,-0.116,0.0164,1.0225,0.1374,0.5802,0.6794,
23.985,-0.1162,0.0151,1.0166,0.2061,0.6107,0.6565,
24.005,-0.1177,0.0139,1.0227,0.1145,0.4809,0.6565,
24.025,-0.1179,0.0129,1.0232,0.1756,0.5878,0.7023,
24.045,-0.1165,0.0146,1.0171,0.2137,0.626,0.6336,
24.065,-0.1201,0.0183,1.0222,0.2366,0.5038,0.6641,
24.085,-0.1194,0.0139,1.0186,0.1756,0.5725,0.5573,
24.105,-0.1145,0.0156,1.02,0.2443,0.5802,0.6947,
24.125,-0.1201,0.0168,1.0227,0.2061,0.5954,0.5496,
24.145,-0.1177,0.0154,1.0249,0.145,0.6489,0.7328,
24.165,-0.1182,0.0161,1.0217,0.1374,0.4733,0.6107,
24.185,-0.116,0.0193,1.0193,0.1374,0.6565,0.5954,
24.205,-0.1138,0.0159,1.0254,0.1603,0.5954,0.5191,
24.225,-0.1177,0.0164,1.0222,0.229,0.626,0.5954,
24.245,-0.1204,0.0154,1.0154,0.1985,0.5267,0.6794,
24.265,-0.1145,0.0173,1.02,0.1832,0.5267,0.626,
24.285,-0.1174,0.0115,1.0181,0.1832,0.4809,0.6031,
24.305,-0.1155,0.0164,1.0146,0.2214,0.5115,0.6031,
24.325,-0.1157,0.0151,1.0254,0.1756,0.4885,0.5878,
24.345,-0.1162,0.0161,1.0242,0.1374,0.5802,0.6336,
24.365,-0.1174,0.0156,1.0193,0.0611,0.6489,0.6794,
24.385,-0.1143,0.0161,1.0203,0.1603,0.6183,0.6412,
24.406,-0.1194,0.0161,1.0203,0.1298,0.6031,0.6412,
24.425,-0.1179,0.0171,1.0178,0.1069,0.5191,0.6183,
24.445,-0.1162,0.0125,1.0237,0.1985,0.7023,0.626,
24.465,-0.1172,0.0139,1.0244,0.2214,0.5191,0.5954,
24.485,-0.1191,0.0151,1.0166,0.0992,0.5267,0.5649,
24.505,-0.115,0.0151,1.022,0.0992,0.5267,0.626,
24.525,-0.1189,0.0117,1.0193,0.1069,0.542,0.6412,
24.545,-0.1143,0.0188,1.0186,0.0916,0.5725,0.5802,
24.565,-0.1169,0.0125,1.0254,0.2748,0.5496,0.5573,
24.585,-0.114,0.0156,1.0083,0.1145,0.5344,0.6718,
24.605,-0.1157,0.0139,1.0239,0.2061,0.542,0.6336,
24.625,-0.1133,0.0186,1.0247,0.1603,0.4885,0.6031,
24.645,-0.1155,0.0181,1.021,0.1603,0.6565,0.5344,
24.665,-0.115,0.0156,1.0242,0.1298,0.4809,0.7099,
24.685,-0.123,0.0186,1.0215,0.1832,0.6107,0.687,
24.705,-0.1147,0.0146,1.0142,0.2366,0.5954,0.6183,
24.725,-0.1216,0.0176,1.0215,0.1603,0.4962,0.5725,
24.745,-0.1174,0.0132,1.0208,0.1069,0.6107,0.6412,
24.765,-0.1174,0.0151,1.0208,0.1221,0.4733,0.6183,
24.785,-0.1191,0.0173,1.0249,0.0763,0.6107,0.6489,
24.805,-0.1165,0.0168,1.0188,0.1756,0.626,0.6336,
24.825,-0.1162,0.0166,1.0229,0.1985,0.5954,0.5496,
24.845,-0.1184,0.0132,1.0178,0.2137,0.3664,0.542,
24.865,-0.1213,0.0146,1.0176,0.145,0.5267,0.626,
24.885,-0.1147,0.0151,1.0247,0.1985,0.5038,0.6336,
24.905,-0.1167,0.0164,1.0188,0.1908,0.5725,0.5191,
24.925,-0.1157,0.0181,1.0164,0.1603,0.6336,0.6107,
24.945,-0.114,0.019,1.0203,0.0992,0.5115,0.6489,
24.965,-0.1184,0.0151,1.0205,0.145,0.5725,0.5573,
24.985,-0.1218,0.0112,1.0242,0.1221,0.5573,0.6718,
25.005,-0.1182,0.0146,1.0286,0.1679,0.4275,0.5267,
25.025,-0.1206,0.0188,1.0193,0.1679,0.5191,0.6107,
