ts_s,ax_g,ay_g,az_g,gx_dps,gy_dps,gz_dps,stdDevAX,DeltaTime,Angle,Drift Per Min
1.323,-0.1199,0.0171,1.0171,0.145,0.5496,0.5496,0.002068427,0.019,0.002755,9.133694792
1.342,-0.1191,0.0178,1.0212,0.1679,0.626,0.5954,,0.02,0.006113,
1.362,-0.1194,0.0164,1.0251,0.1679,0.5649,0.6183,,0.02,0.009471,
1.382,-0.116,0.0151,1.02,0.2137,0.5267,0.6718,,0.02,0.013745,
1.402,-0.1157,0.0171,1.0227,0.1756,0.4656,0.5725,,0.02,0.017257,
1.422,-0.1143,0.009,1.0186,0.2824,0.4962,0.6336,,0.02,0.022905,
1.442,-0.1216,0.0164,1.0159,0.1221,0.6794,0.6183,,0.02,0.025347,
1.462,-0.1128,0.0166,1.0193,0.2519,0.4656,0.6412,,0.02,0.030385,
1.482,-0.1177,0.0171,1.0237,0.1756,0.6565,0.5496,,0.02,0.033897,
1.502,-0.116,0.0183,1.0256,0.2214,0.5573,0.6489,,0.02,0.038325,
1.522,-0.1187,0.0168,1.0232,0.1832,0.5573,0.6336,,0.02,0.041989,
1.542,-0.1213,0.0156,1.0242,0.0534,0.5954,0.5038,,0.02,0.043057,
1.562,-0.1155,0.0183,1.0122,0.2214,0.6412,0.5954,,0.02,0.047485,
1.582,-0.1208,0.0132,1.0166,0.1679,0.5267,0.6412,,0.02,0.050843,
1.602,-0.1194,0.0159,1.0203,0.1069,0.5802,0.6183,,0.021,0.0530879,
1.623,-0.1165,0.0161,1.02,0.1908,0.5115,0.6183,,0.02,0.0569039,
1.643,-0.1194,0.0146,1.0198,0.1069,0.5191,0.6107,,0.021,0.0591488,
1.664,-0.1147,0.0154,1.0217,0.1374,0.4504,0.5496,,0.019,0.0617594,
1.683,-0.1169,0.0168,1.0161,0.1298,0.5115,0.6031,,0.02,0.0643554,
1.703,-0.114,0.0112,1.0181,0.1679,0.5573,0.6641,,0.02,0.0677134,
1.723,-0.1177,0.0137,1.0278,0.1679,0.5725,0.5954,,0.02,0.0710714,
1.743,-0.1187,0.0134,1.019,0.2061,0.5344,0.5649,,0.02,0.0751934,
1.763,-0.1174,0.0159,1.0229,0.2061,0.5573,0.5878,,0.02,0.0793154,
1.783,-0.1179,0.0164,1.0254,0.1832,0.5344,0.6565,,0.02,0.0829794,
1.803,-0.1223,0.0144,1.0195,0.1527,0.5496,0.6107,,0.02,0.0860334,
1.823,-0.1184,0.0156,1.0212,0.145,0.5115,0.5573,,0.02,0.0889334,
1.843,-0.1182,0.0144,1.0212,0.229,0.5878,0.6107,,0.02,0.0935134,
1.863,-0.1152,0.0139,1.0237,0.1298,0.542,0.7099,,0.02,0.0961094,
1.883,-0.1169,0.0154,1.0247,0.2214,0.5115,0.6336,,0.02,0.1005374,
1.903,-0.1118,0.0183,1.021,0.1756,0.4656,0.6412,,0.02,0.1040494,
1.923,-0.116,0.0151,1.0164,0.1756,0.5878,0.5496,,0.02,0.1075614,
1.943,-0.1189,0.0183,1.0212,0.2061,0.542,0.6794,,0.021,0.1118895,
1.964,-0.1157,0.0129,1.022,0.145,0.5878,0.5802,,0.02,0.1147895,
1.984,-0.1177,0.0161,1.0234,0.1298,0.4962,0.6412,,0.02,0.1173855,
2.004,-0.1172,0.0098,1.021,0.1374,0.5573,0.4885,,0.02,0.1201335,
2.024,-0.1169,0.0159,1.0161,0.1298,0.5954,0.6489,,0.02,0.1227295,
2.044,-0.1167,0.0173,1.0222,0.1756,0.5649,0.5573,,0.02,0.1262415,
2.064,-0.1179,0.0173,1.0234,0.1985,0.5191,0.5878,,0.02,0.1302115,
2.084,-0.1174,0.0127,1.0166,0.2443,0.5267,0.5725,,0.02,0.1350975,
2.104,-0.1147,0.0142,1.0273,0.0916,0.542,0.6412,,0.02,0.1369295,
2.124,-0.1174,0.0173,1.0203,0.2137,0.6107,0.4885,,0.02,0.1412035,
2.144,-0.1184,0.0188,1.0276,0.2137,0.5496,0.5802,,0.02,0.1454775,
2.164,-0.1196,0.0149,1.02,0.1221,0.4733,0.6565,,0.02,0.1479195,
2.184,-0.1184,0.0188,1.019,0.084,0.5344,0.6107,,0.02,0.1495995,
2.204,-0.1182,0.0188,1.0256,0.1603,0.6107,0.5954,,0.02,0.1528055,
2.224,-0.1177,0.0193,1.0181,0.1221,0.5954,0.6412,,0.02,0.1552475,
2.244,-0.1162,0.0125,1.0173,0.1145,0.6412,0.6412,,0.02,0.1575375,
2.264,-0.1157,0.0129,1.022,0.1603,0.6336,0.7099,,0.02,0.1607435,
2.284,-0.1133,0.0146,1.0261,0.1069,0.5267,0.5267,,0.021,0.1629884,
2.305,-0.1174,0.0137,1.0195,0.1374,0.6183,0.5802,,0.02,0.1657364,
2.325,-0.1162,0.0146,1.0254,0.1527,0.5115,0.6031,,0.02,0.1687904,
2.345,-0.1155,0.0132,1.0164,0.1374,0.5573,0.6336,,0.02,0.1715384,
2.365,-0.1167,0.0137,1.0183,0.2366,0.5649,0.626,,0.02,0.1762704,
2.385,-0.1184,0.0146,1.0247,0.1679,0.6183,0.5954,,0.02,0.1796284,
2.405,-0.1228,0.0154,1.0166,0.1679,0.5038,0.6336,,0.02,0.1829864,
2.425,-0.1196,0.0154,1.0212,0.0687,0.4809,0.626,,0.02,0.1843604,
2.445,-0.1152,0.0161,1.0217,0.229,0.5267,0.5878,,0.02,0.1889404,
2.465,-0.1189,0.0139,1.0188,0.1756,0.6107,0.5802,,0.02,0.1924524,
2.485,-0.1189,0.0166,1.021,0.1069,0.5496,0.6489,,0.02,0.1945904,
2.505,-0.115,0.0161,1.0261,0.2748,0.6031,0.6336,,0.02,0.2000864,
2.525,-0.1191,0.0156,1.0173,0.1298,0.4198,0.6412,,0.02,0.2026824,
2.545,-0.1199,0.0166,1.0237,0.1679,0.5573,0.5649,,0.02,0.2060404,
2.565,-0.1184,0.0156,1.0195,0.145,0.6107,0.626,,0.02,0.2089404,
2.585,-0.1187,0.0149,1.0229,0.1145,0.6794,0.6336,,0.02,0.2112304,
2.605,-0.1187,0.0127,1.0286,0.1832,0.5649,0.5954,,0.02,0.2148944,
2.625,-0.1165,0.0139,1.0139,0.1374,0.5573,0.687,,0.021,0.2177798,
2.646,-0.1172,0.0137,1.0229,0.1374,0.5802,0.6718,,0.019,0.2203904,
2.665,-0.1157,0.0188,1.0247,0.0458,0.5038,0.5344,,0.02,0.2213064,
2.685,-0.1152,0.0151,1.0168,0.0992,0.5649,0.6107,,0.02,0.2232904,
2.705,-0.116,0.0208,1.0227,0.229,0.4275,0.626,,0.02,0.2278704,
2.725,-0.1172,0.0149,1.0244,0.0763,0.5573,0.5725,,0.02,0.2293964,
2.745,-0.1194,0.0134,1.0164,0.1527,0.7099,0.6031,,0.02,0.2324504,
2.765,-0.114,0.0171,1.0205,0.1756,0.4885,0.5267,,0.02,0.2359624,
2.785,-0.1184,0.0173,1.0195,0.1374,0.6336,0.5649,,0.02,0.2387104,
2.805,-0.115,0.0183,1.0156,0.1679,0.5878,0.7099,,0.02,0.2420684,
2.825,-0.1206,0.0146,1.0229,0.1679,0.6107,0.5725,,0.02,0.2454264,
2.845,-0.1167,0.0183,1.0142,0.1756,0.5573,0.6489,,0.02,0.2489384,
2.865,-0.1162,0.0144,1.0205,0.1145,0.6183,0.5649,,0.02,0.2512284,
2.885,-0.115,0.0129,1.021,0.0763,0.4504,0.5038,,0.02,0.2527544,
2.905,-0.1165,0.0144,1.0264,0.1756,0.6489,0.5496,,0.02,0.2562664,
2.925,-0.1169,0.0151,1.0203,0.0992,0.5267,0.6412,,0.02,0.2582504,
2.945,-0.1187,0.0161,1.0251,0.1374,0.5115,0.5954,,0.02,0.2609984,
2.965,-0.1152,0.02,1.0181,0.1221,0.6336,0.5496,,0.02,0.2634404,
2.985,-0.1184,0.0151,1.0232,0.0382,0.5038,0.5878,,0.02,0.2642044,
3.005,-0.1155,0.0181,1.0188,0.1832,0.5496,0.6794,,0.02,0.2678684,
3.025,-0.1177,0.0146,1.0193,0.1221,0.5344,0.6641,,0.02,0.2703104,
3.045,-0.1155,0.0164,1.0256,0.1985,0.5267,0.5878,,0.02,0.2742804,
3.065,-0.116,0.0142,1.0164,0.2137,0.6336,0.5725,,0.02,0.2785544,
3.085,-0.1182,0.0149,1.0232,0.2672,0.6565,0.6641,,0.02,0.2838984,
3.105,-0.1211,0.0161,1.0215,0.1527,0.6107,0.6107,,0.02,0.2869524,
3.125,-0.1179,0.0161,1.0181,0.1832,0.5573,0.5954,,0.02,0.2906164,
3.145,-0.1145,0.0125,1.0239,0.1527,0.5267,0.6336,,0.02,0.2936704,
3.165,-0.1204,0.0171,1.0186,0.1527,0.5878,0.5649,,0.02,0.2967244,
3.185,-0.1187,0.0149,1.0181,0.1908,0.542,0.6107,,0.02,0.3005404,
3.205,-0.1177,0.0171,1.0261,0.2748,0.5191,0.6565,,0.02,0.3060364,
3.225,-0.1172,0.0142,1.0232,0.1221,0.5725,0.6031,,0.02,0.3084784,
3.245,-0.1182,0.0129,1.0215,0.2137,0.5878,0.6641,,0.02,0.3127524,
3.265,-0.1162,0.0132,1.0227,0.1985,0.4656,0.5267,,0.021,0.3169209,
3.286,-0.1162,0.0154,1.0176,0.2214,0.4962,0.5267,,0.019,0.3211275,
3.305,-0.1191,0.0168,1.021,0.1527,0.4809,0.5802,,0.02,0.3241815,
3.325,-0.1187,0.0122,1.0203,0.0916,0.5573,0.6489,,0.02,0.3260135,
3.345,-0.1147,0.0154,1.0217,0.0916,0.5496,0.5267,,0.02,0.3278455,
3.365,-0.1189,0.0144,1.0261,0.1985,0.5878,0.5191,,0.02,0.3318155,
3.385,-0.1189,0.0183,1.0254,0.1374,0.4656,0.5802,,0.02,0.3345635,
3.405,-0.1174,0.0181,1.0186,0.1527,0.6412,0.5344,,0.02,0.3376175,
3.425,-0.1184,0.0149,1.0249,0.1679,0.3664,0.626,,0.02,0.3409755,
3.445,-0.1169,0.0161,1.0232,0.1985,0.5267,0.5802,,0.02,0.3449455,
3.465,-0.1182,0.0144,1.0188,0.1832,0.4962,0.5725,,0.02,0.3486095,
3.485,-0.1155,0.0159,1.0261,0.1756,0.5191,0.6947,,0.02,0.3521215,
3.505,-0.1174,0.0166,1.0244,0.1374,0.5802,0.6718,,0.02,0.3548695,
3.525,-0.1179,0.0098,1.0159,0.1603,0.4885,0.5573,,0.02,0.3580755,
3.545,-0.1165,0.0115,1.019,0.1298,0.5496,0.6565,,0.02,0.3606715,
3.565,-0.1179,0.0105,1.0188,0.1985,0.5267,0.5573,,0.02,0.3646415,
3.585,-0.1211,0.0164,1.0222,0.2061,0.6565,0.5344,,0.02,0.3687635,
3.605,-0.1167,0.0171,1.02,0.0687,0.4962,0.6183,,0.02,0.3701375,
3.625,-0.1167,0.0156,1.0227,0.1985,0.5496,0.6565,,0.02,0.3741075,
3.645,-0.1189,0.0156,1.0251,0.0534,0.5573,0.6107,,0.02,0.3751755,
3.665,-0.1179,0.0176,1.0229,0.2214,0.5344,0.5267,,0.02,0.3796035,
3.685,-0.1165,0.0176,1.0217,0.1832,0.5191,0.6183,,0.02,0.3832675,
3.705,-0.1191,0.0156,1.0208,0.1603,0.6947,0.5878,,0.02,0.3864735,
3.725,-0.1162,0.0159,1.0198,0.1603,0.5344,0.5267,,0.02,0.3896795,
3.745,-0.1165,0.0159,1.0278,0.1908,0.5725,0.6641,,0.02,0.3934955,
3.765,-0.1196,0.0171,1.0229,0.2672,0.4733,0.6183,,0.02,0.3988395,
3.785,-0.1165,0.0112,1.0242,0.1603,0.5115,0.6412,,0.02,0.4020455,
3.805,-0.1184,0.0156,1.0215,0.1221,0.4351,0.6489,,0.02,0.4044875,
3.825,-0.1177,0.0137,1.0222,0.229,0.542,0.626,,0.02,0.4090675,
3.845,-0.1162,0.0178,1.0208,0.1832,0.4962,0.6412,,0.02,0.4127315,
3.865,-0.1213,0.0159,1.019,0.1603,0.5649,0.6183,,0.02,0.4159375,
3.885,-0.1208,0.0134,1.0203,0.084,0.6031,0.5649,,0.02,0.4176175,
3.905,-0.1208,0.0171,1.0215,0.1832,0.5649,0.5725,,0.021,0.4214647,
3.926,-0.1184,0.0227,1.0234,0.1069,0.5725,0.6031,,0.019,0.4234958,
3.945,-0.1177,0.02,1.0161,0.2824,0.3969,0.5344,,0.02,0.4291438,
3.965,-0.1182,0.0176,1.0264,0.1145,0.4733,0.6183,,0.02,0.4314338,
3.985,-0.1196,0.0164,1.0215,0.0916,0.5344,0.5802,,0.02,0.4332658,
4.005,-0.1204,0.0103,1.0181,0.084,0.5344,0.6336,,0.02,0.4349458,
4.025,-0.1187,0.0132,1.0173,0.1756,0.6947,0.687,,0.02,0.4384578,
4.045,-0.1194,0.0144,1.0227,0.0687,0.6641,0.6565,,0.02,0.4398318,
4.065,-0.1177,0.0168,1.0256,0.2366,0.5573,0.626,,0.02,0.4445638,
4.085,-0.1184,0.0122,1.0264,0.2519,0.5267,0.4656,,0.02,0.4496018,
4.105,-0.1165,0.0134,1.021,0.1985,0.5344,0.5802,,0.02,0.4535718,
4.125,-0.1196,0.0142,1.0183,0.1985,0.626,0.6183,,0.02,0.4575418,
4.145,-0.1167,0.0181,1.022,0.1298,0.4809,0.5878,,0.02,0.4601378,
4.165,-0.1182,0.0186,1.0193,0.1527,0.4962,0.6107,,0.02,0.4631918,
4.185,-0.1196,0.0195,1.0232,0.1985,0.5954,0.4885,,0.02,0.4671618,
4.205,-0.1174,0.0154,1.0215,0.0916,0.5267,0.5725,,0.02,0.4689938,
4.225,-0.1174,0.0156,1.0164,0.1298,0.4962,0.542,,0.02,0.4715898,
4.245,-0.1189,0.0144,1.019,0.1527,0.4427,0.5573,,0.02,0.4746438,
4.265,-0.1201,0.0164,1.0217,0.2901,0.6565,0.626,,0.02,0.4804458,
4.285,-0.1179,0.0156,1.0232,0.1679,0.5191,0.5496,,0.02,0.4838038,
4.305,-0.1169,0.0139,1.0242,0.2061,0.5496,0.7405,,0.02,0.4879258,
4.325,-0.1199,0.0127,1.0168,0.1756,0.5878,0.5954,,0.02,0.4914378,
4.345,-0.1201,0.0156,1.0229,0.0916,0.5115,0.6336,,0.02,0.4932698,
4.365,-0.1223,0.0164,1.0227,0.145,0.5191,0.5725,,0.02,0.4961698,
4.385,-0.1174,0.0146,1.0208,0.2519,0.5038,0.5649,,0.02,0.5012078,
4.405,-0.1189,0.0195,1.0217,0.0382,0.6031,0.6947,,0.02,0.5019718,
4.425,-0.1143,0.0146,1.0254,0.1374,0.4046,0.5954,,0.02,0.5047198,
4.445,-0.1174,0.019,1.0212,0.1374,0.5344,0.5954,,0.02,0.5074678,
4.465,-0.1196,0.0168,1.0227,0.145,0.6412,0.6107,,0.02,0.5103678,
4.485,-0.1206,0.0125,1.0203,0.1145,0.6107,0.5802,,0.02,0.5126578,
4.505,-0.1206,0.0137,1.0232,0.229,0.4504,0.6412,,0.02,0.5172378,
4.525,-0.1162,0.0154,1.0215,0.145,0.5191,0.5267,,0.02,0.5201378,
4.545,-0.1179,0.0137,1.0212,0.1221,0.5878,0.6183,,0.021,0.5227019,
4.566,-0.1187,0.0188,1.0229,0.1221,0.5115,0.5115,,0.019,0.5250218,
4.585,-0.1169,0.012,1.0237,0.2137,0.5649,0.626,,0.02,0.5292958,
4.605,-0.1191,0.0112,1.0264,0.1832,0.5649,0.5649,,0.02,0.5329598,
4.625,-0.1174,0.0127,1.0229,0.1374,0.5954,0.626,,0.02,0.5357078,
4.645,-0.1177,0.0173,1.0212,0.229,0.6031,0.6565,,0.02,0.5402878,
4.665,-0.1184,0.0171,1.0254,0.1298,0.5725,0.6641,,0.02,0.5428838,
4.685,-0.1179,0.0154,1.0271,0.0687,0.5267,0.5725,,0.02,0.5442578,
4.705,-0.116,0.0171,1.0212,0.2137,0.542,0.6794,,0.02,0.5485318,
4.725,-0.1187,0.0186,1.0244,0.1069,0.5191,0.6641,,0.02,0.5506698,
4.745,-0.1165,0.0166,1.0203,0.1985,0.6031,0.6718,,0.02,0.5546398,
4.765,-0.1133,0.0168,1.0146,0.1756,0.5115,0.5954,,0.02,0.5581518,
4.785,-0.1169,0.0144,1.0259,0.1985,0.6031,0.6794,,0.02,0.5621218,
4.805,-0.1201,0.0156,1.0251,0.2137,0.6794,0.5725,,0.02,0.5663958,
4.825,-0.1187,0.0137,1.0203,0.1908,0.5115,0.7023,,0.02,0.5702118,
4.845,-0.1155,0.0132,1.0291,0.1756,0.5725,0.6107,,0.02,0.5737238,
4.865,-0.1196,0.0161,1.019,0.1298,0.6489,0.5878,,0.02,0.5763198,
4.885,-0.1184,0.0161,1.0217,0.084,0.5038,0.6336,,0.02,0.5779998,
4.905,-0.1155,0.0181,1.0198,0.1298,0.5115,0.5649,,0.02,0.5805958,
4.925,-0.1165,0.0161,1.0215,0.2061,0.5878,0.6489,,0.02,0.5847178,
4.945,-0.1194,0.0164,1.0232,0.0763,0.4885,0.6336,,0.02,0.5862438,
4.965,-0.1191,0.0176,1.0234,0.1679,0.4198,0.5802,,0.02,0.5896018,
4.985,-0.1167,0.0164,1.0212,0.2061,0.7176,0.5725,,0.02,0.5937238,
5.005,-0.1228,0.0156,1.0225,0.145,0.4962,0.5344,,0.02,0.5966238,
5.025,-0.1189,0.0156,1.0266,0.1527,0.5649,0.6489,,0.02,0.5996778,
5.045,-0.1147,0.0154,1.0291,0.1527,0.4733,0.6183,,0.02,0.6027318,
5.065,-0.115,0.0127,1.0212,0.2137,0.4351,0.5191,,0.02,0.6070058,
5.085,-0.1182,0.0173,1.0173,0.0305,0.5267,0.5573,,0.02,0.6076158,
5.105,-0.1199,0.0142,1.0234,0.1221,0.5649,0.6031,,0.02,0.6100578,
5.125,-0.1167,0.0181,1.0242,0.1221,0.5649,0.687,,0.02,0.6124998,
5.145,-0.1135,0.0161,1.0178,0.1221,0.6641,0.6336,,0.02,0.6149418,
5.165,-0.1189,0.0154,1.0208,0.1908,0.6412,0.6183,,0.02,0.6187578,
5.185,-0.1179,0.0161,1.0217,0.145,0.5267,0.6947,,0.021,0.6218028,
5.206,-0.1157,0.0188,1.0198,0.1679,0.5649,0.5267,,0.019,0.6249929,
5.225,-0.1184,0.0129,1.0154,0.1679,0.5802,0.5573,,0.02,0.6283509,
5.245,-0.1182,0.0144,1.02,0.145,0.5649,0.6031,,0.02,0.6312509,
5.265,-0.1155,0.0168,1.0161,0.1832,0.5191,0.5725,,0.02,0.6349149,
5.285,-0.1199,0.019,1.0217,0.1832,0.5344,0.5954,,0.02,0.6385789,
5.305,-0.1167,0.02,1.0203,0.229,0.6641,0.5267,,0.02,0.6431589,
5.325,-0.1196,0.011,1.0188,0.0992,0.6412,0.626,,0.02,0.6451429,
5.345,-0.1194,0.0127,1.019,0.0611,0.4656,0.6565,,0.02,0.6463649,
5.365,-0.1165,0.0142,1.0161,0.145,0.5115,0.5878,,0.02,0.6492649,
5.385,-0.1169,0.0144,1.0203,0.1069,0.4885,0.5725,,0.02,0.6514029,
5.405,-0.1187,0.0161,1.0247,0.1908,0.5954,0.5802,,0.02,0.6552189,
5.425,-0.1179,0.0156,1.0239,0.1374,0.626,0.5878,,0.02,0.6579669,
5.445,-0.1155,0.0144,1.0198,0.2137,0.5649,0.6794,,0.02,0.6622409,
5.465,-0.1208,0.0159,1.0222,0.1985,0.5115,0.6489,,0.02,0.6662109,
5.485,-0.1145,0.0132,1.0195,0.1221,0.5496,0.5267,,0.02,0.6686529,
5.505,-0.1211,0.0127,1.0281,0.1527,0.5344,0.5649,,0.02,0.6717069,
5.525,-0.1187,0.0154,1.0212,0.2824,0.5496,0.7176,,0.02,0.6773549,
5.545,-0.1162,0.0176,1.0198,0.1985,0.5573,0.5649,,0.02,0.6813249,
5.565,-0.1157,0.0173,1.0195,0.1298,0.4504,0.5496,,0.02,0.6839209,
5.585,-0.1191,0.0125,1.0193,0.1145,0.5496,0.6336,,0.02,0.6862109,
5.605,-0.1152,0.0156,1.0176,0.1603,0.5878,0.5573,,0.02,0.6894169,
5.625,-0.1182,0.0151,1.0176,0.1069,0.4809,0.6183,,0.02,0.6915549,
5.645,-0.1187,0.0137,1.02,0.1527,0.4885,0.5496,,0.02,0.6946089,
5.665,-0.1182,0.0171,1.0239,0.1527,0.5038,0.6031,,0.02,0.6976629,
5.685,-0.1177,0.0137,1.0205,0.1679,0.458,0.6107,,0.02,0.7010209,
5.705,-0.1167,0.0159,1.0212,0.1832,0.5038,0.6336,,0.02,0.7046849,
5.725,-0.1174,0.0168,1.0239,0.1985,0.5573,0.626,,0.02,0.7086549,
5.745,-0.1167,0.0156,1.021,0.1298,0.5344,0.6565,,0.02,0.7112509,
5.765,-0.1208,0.0168,1.0242,0.2595,0.6412,0.7099,,0.02,0.7164409,
5.785,-0.1191,0.0142,1.0237,0.2443,0.5267,0.6336,,0.02,0.7213269,
5.805,-0.1162,0.0166,1.0212,0.1756,0.5344,0.6031,,0.02,0.7248389,
5.825,-0.1174,0.0178,1.0247,0.145,0.6183,0.6718,,0.021,0.7278839,
5.846,-0.1208,0.0171,1.0232,0.1527,0.458,0.5573,,0.019,0.7307852,
5.865,-0.1204,0.0146,1.0212,0.1374,0.5115,0.5573,,0.02,0.7335332,
5.885,-0.1143,0.012,1.0225,0.1679,0.5725,0.6794,,0.02,0.7368912,
5.905,-0.1199,0.0166,1.0188,0.1145,0.5878,0.5344,,0.02,0.7391812,
5.925,-0.1172,0.0168,1.0227,0.1985,0.5038,0.5802,,0.02,0.7431512,
5.945,-0.1199,0.0181,1.0203,0.1985,0.542,0.5573,,0.02,0.7471212,
5.965,-0.1135,0.0149,1.0234,0.1908,0.5573,0.6641,,0.02,0.7509372,
5.985,-0.1145,0.0164,1.0212,0.1603,0.5725,0.6107,,0.02,0.7541432,
6.005,-0.1162,0.0144,1.0193,0.0687,0.7099,0.5802,,0.02,0.7555172,
6.025,-0.1165,0.0151,1.021,0.1069,0.4885,0.5802,,0.02,0.7576552,
6.045,-0.1199,0.012,1.0208,0.1985,0.542,0.6412,,0.02,0.7616252,
6.065,-0.1147,0.0149,1.0173,0.0611,0.5725,0.6336,,0.02,0.7628472,
6.085,-0.1179,0.0186,1.0173,0.0916,0.626,0.5725,,0.02,0.7646792,
6.105,-0.1177,0.0159,1.0247,0.1069,0.5725,0.5878,,0.02,0.7668172,
6.125,-0.123,0.0132,1.0171,0.1756,0.5802,0.5038,,0.02,0.7703292,
6.145,-0.1172,0.0125,1.0178,0.2137,0.5725,0.542,,0.02,0.7746032,
6.165,-0.1147,0.0132,1.0269,0.2061,0.4504,0.687,,0.02,0.7787252,
6.185,-0.1167,0.0159,1.0142,0.1679,0.5878,0.5802,,0.02,0.7820832,
6.205,-0.1167,0.0168,1.0183,0.1908,0.6107,0.5496,,0.02,0.7858992,
6.225,-0.1196,0.0154,1.0232,0.1679,0.6031,0.4809,,0.02,0.7892572,
6.245,-0.1199,0.0168,1.0193,0.2214,0.5573,0.5191,,0.02,0.7936852,
6.265,-0.1135,0.0183,1.0215,0.1298,0.5496,0.6336,,0.02,0.7962812,
6.285,-0.1179,0.0164,1.0247,0.229,0.542,0.6107,,0.02,0.8008612,
6.305,-0.1189,0.0137,1.0205,0.1756,0.5802,0.6183,,0.02,0.8043732,
6.325,-0.1152,0.0132,1.0215,0.1908,0.5496,0.5649,,0.02,0.8081892,
6.345,-0.1121,0.0161,1.0227,0.2443,0.4885,0.6183,,0.02,0.8130752,
6.365,-0.1169,0.0176,1.0232,0.1832,0.5267,0.6412,,0.02,0.8167392,
6.385,-0.1211,0.0159,1.0237,0.2519,0.542,0.6336,,0.02,0.8217772,
6.405,-0.1204,0.0156,1.0139,0.2366,0.5496,0.5878,,0.02,0.8265092,
6.425,-0.1157,0.0146,1.0242,0.2214,0.4275,0.5573,,0.02,0.8309372,
6.445,-0.1133,0.0164,1.022,0.1527,0.5802,0.6183,,0.02,0.8339912,
6.465,-0.1167,0.0186,1.022,0.229,0.4809,0.6183,,0.021,0.8388002,
6.486,-0.1194,0.0159,1.022,0.1527,0.5649,0.5878,,0.019,0.8417015,
6.505,-0.1174,0.0176,1.0173,0.1298,0.5496,0.6336,,0.02,0.8442975,
6.525,-0.1162,0.0186,1.0171,0.1603,0.5191,0.5954,,0.02,0.8475035,
6.545,-0.1223,0.0154,1.0222,0.1221,0.5954,0.5878,,0.02,0.8499455,
6.565,-0.1157,0.0176,1.0181,0.2061,0.6183,0.6107,,0.02,0.8540675,
6.585,-0.1211,0.0151,1.0215,0.1069,0.5496,0.6183,,0.02,0.8562055,
6.605,-0.1169,0.0154,1.0205,0.2214,0.5649,0.6336,,0.02,0.8606335,
6.625,-0.1187,0.0129,1.0215,0.084,0.4427,0.6412,,0.02,0.8623135,
6.645,-0.1177,0.0168,1.0229,0.1603,0.5344,0.5649,,0.02,0.8655195,
6.665,-0.1155,0.0142,1.022,0.145,0.5267,0.5267,,0.02,0.8684195,
6.685,-0.1155,0.0173,1.0195,0.1069,0.4122,0.6183,,0.02,0.8705575,
6.705,-0.1184,0.0183,1.0295,0.229,0.4656,0.5344,,0.02,0.8751375,
6.725,-0.1179,0.0125,1.019,0.2061,0.4504,0.6336,,0.02,0.8792595,
6.745,-0.1204,0.0178,1.0232,0.0763,0.5725,0.5344,,0.02,0.8807855,
6.765,-0.1145,0.0139,1.0251,0.1069,0.4962,0.5954,,0.02,0.8829235,
6.785,-0.1179,0.0171,1.0161,0.0611,0.4809,0.5038,,0.02,0.8841455,
6.805,-0.1179,0.0171,1.0217,0.1908,0.4809,0.5878,,0.02,0.8879615,
6.825,-0.1201,0.0132,1.031,0.1221,0.5267,0.5954,,0.02,0.8904035,
6.845,-0.1184,0.0159,1.0203,0.1603,0.5115,0.6412,,0.02,0.8936095,
6.865,-0.1165,0.0154,1.0269,0.1985,0.5725,0.7099,,0.02,0.8975795,
6.885,-0.1155,0.0164,1.0151,0.1832,0.5191,0.6336,,0.02,0.9012435,
6.905,-0.1196,0.0171,1.0188,0.1221,0.5496,0.6183,,0.02,0.9036855,
6.925,-0.1172,0.0171,1.019,0.1221,0.4427,0.6107,,0.02,0.9061275,
6.945,-0.1189,0.0171,1.0168,0.1679,0.4809,0.5496,,0.02,0.9094855,
6.965,-0.1189,0.0149,1.019,0.1756,0.5191,0.6565,,0.02,0.9129975,
6.985,-0.1174,0.0149,1.0259,0.2137,0.5649,0.4885,,0.02,0.9172715,
7.005,-0.1155,0.0137,1.0186,0.1985,0.5496,0.6641,,0.02,0.9212415,
7.025,-0.1165,0.0181,1.021,0.1069,0.4046,0.5878,,0.02,0.9233795,
7.045,-0.1174,0.0166,1.0264,0.1069,0.5191,0.5649,,0.02,0.9255175,
7.065,-0.1174,0.0181,1.0229,0.145,0.5115,0.5878,,0.02,0.9284175,
7.085,-0.1187,0.0125,1.0229,0.1756,0.5802,0.6183,,0.02,0.9319295,
7.105,-0.1179,0.0144,1.0244,0.1069,0.5954,0.6794,,0.021,0.9341744,
7.126,-0.1187,0.0132,1.0195,0.0763,0.6412,0.6107,,0.019,0.9356241,
7.145,-0.1201,0.0137,1.0227,0.0382,0.5038,0.5344,,0.02,0.9363881,
7.165,-0.1155,0.0132,1.022,0.1603,0.5649,0.5344,,0.02,0.9395941,
7.185,-0.1169,0.0181,1.0159,0.1679,0.4733,0.6107,,0.02,0.9429521,
7.205,-0.1204,0.0166,1.0303,0.1832,0.5115,0.5725,,0.02,0.9466161,
7.225,-0.1182,0.0125,1.0125,0.1756,0.4275,0.5649,,0.02,0.9501281,
7.245,-0.1199,0.0132,1.0227,0.2214,0.4656,0.5573,,0.02,0.9545561,
7.265,-0.1189,0.0151,1.0208,0.0611,0.6031,0.5725,,0.02,0.9557781,
7.285,-0.1157,0.0112,1.0154,0.1298,0.5267,0.5954,,0.02,0.9583741,
7.305,-0.1162,0.0156,1.0288,0.1145,0.4962,0.5954,,0.02,0.9606641,
7.325,-0.1169,0.0142,1.0205,0.0687,0.5802,0.6336,,0.02,0.9620381,
7.345,-0.1167,0.0125,1.0173,0.1527,0.5267,0.5802,,0.02,0.9650921,
7.365,-0.1157,0.0132,1.0244,0.0611,0.4885,0.626,,0.02,0.9663141,
7.385,-0.1169,0.0149,1.0215,0.2595,0.6107,0.6336,,0.02,0.9715041,
7.405,-0.116,0.0134,1.0193,0.1832,0.5344,0.5038,,0.02,0.9751681,
7.425,-0.114,0.0166,1.0278,0.1679,0.4962,0.626,,0.02,0.9785261,
7.445,-0.1174,0.0166,1.0283,0.1374,0.4809,0.6336,,0.02,0.9812741,
7.465,-0.1199,0.0154,1.0249,0.1221,0.687,0.626,,0.02,0.9837161,
7.485,-0.1162,0.0112,1.0225,0.145,0.5191,0.5649,,0.02,0.9866161,
7.505,-0.1145,0.0156,1.021,0.1756,0.5038,0.5115,,0.02,0.9901281,
7.525,-0.1133,0.0127,1.0222,0.0534,0.5878,0.6107,,0.02,0.9911961,
7.545,-0.1177,0.0115,1.022,0.1221,0.6183,0.5954,,0.02,0.9936381,
7.565,-0.1177,0.0132,1.0161,0.1832,0.5344,0.4962,,0.02,0.9973021,
7.585,-0.1191,0.0144,1.0225,0.145,0.6641,0.542,,0.02,1.0002021,
7.605,-0.1179,0.0171,1.0237,0.2748,0.5649,0.5267,,0.02,1.0056981,
7.625,-0.1155,0.0168,1.0205,0.1374,0.6031,0.626,,0.02,1.0084461,
7.645,-0.1174,0.0151,1.0237,0.1221,0.5191,0.5878,,0.02,1.0108881,
7.665,-0.1184,0.0173,1.0244,0.0992,0.5573,0.6489,,0.02,1.0128721,
7.685,-0.1165,0.0156,1.0227,0.2137,0.5725,0.5649,,0.02,1.0171461,
7.705,-0.1147,0.0156,1.0273,0.1298,0.4733,0.6718,,0.02,1.0197421,
7.725,-0.1174,0.0132,1.0149,0.1527,0.6107,0.5649,,0.02,1.0227961,
7.745,-0.1199,0.0166,1.0227,0.1832,0.5115,0.4962,,0.021,1.0266433,
7.766,-0.116,0.0142,1.0234,0.0916,0.6107,0.6489,,0.019,1.0283837,
7.785,-0.1147,0.0164,1.02,0.1756,0.5191,0.5725,,0.02,1.0318957,
7.805,-0.1162,0.0151,1.0212,0.1298,0.5954,0.7023,,0.02,1.0344917,
7.825,-0.1172,0.0127,1.0203,0.1603,0.6031,0.4885,,0.02,1.0376977,
7.845,-0.1177,0.0142,1.0198,0.0382,0.5573,0.5573,,0.02,1.0384617,
7.865,-0.1194,0.0132,1.0247,0.1527,0.5725,0.6947,,0.02,1.0415157,
7.885,-0.114,0.019,1.0229,0.084,0.6794,0.6336,,0.02,1.0431957,
7.905,-0.1172,0.0154,1.0239,0.1374,0.626,0.5344,,0.02,1.0459437,
7.925,-0.1155,0.0183,1.0183,0.0687,0.542,0.6031,,0.02,1.0473177,
7.945,-0.1191,0.0166,1.0186,0.084,0.4122,0.5115,,0.02,1.0489977,
7.965,-0.1189,0.0144,1.0173,0.1756,0.4656,0.6031,,0.02,1.0525097,
7.985,-0.1206,0.0144,1.0239,0.2061,0.542,0.5649,,0.02,1.0566317,
8.005,-0.1179,0.0164,1.0183,0.1374,0.4351,0.6489,,0.02,1.0593797,
8.025,-0.1167,0.0144,1.0188,0.1145,0.5573,0.5802,,0.02,1.0616697,
8.045,-0.1155,0.0168,1.021,0.2443,0.6107,0.6336,,0.02,1.0665557,
8.065,-0.1213,0.0166,1.0229,0.1908,0.6565,0.5344,,0.02,1.0703717,
8.085,-0.1182,0.0139,1.022,0.2443,0.5954,0.5115,,0.02,1.0752577,
8.105,-0.1199,0.0139,1.0181,0.0992,0.5725,0.6107,,0.02,1.0772417,
8.125,-0.1216,0.0154,1.0195,0.1756,0.687,0.6489,,0.02,1.0807537,
8.145,-0.1155,0.0127,1.0183,0.1221,0.4885,0.6107,,0.02,1.0831957,
8.165,-0.1167,0.0154,1.0164,0.1756,0.5191,0.6412,,0.02,1.0867077,
8.185,-0.1167,0.0127,1.0193,0.1298,0.4962,0.687,,0.02,1.0893037,
8.205,-0.1199,0.0142,1.0171,0.1298,0.5573,0.5496,,0.02,1.0918997,
8.225,-0.1155,0.0166,1.0229,0.145,0.542,0.6718,,0.02,1.0947997,
8.245,-0.1165,0.0154,1.0171,0.1145,0.542,0.5191,,0.02,1.0970897,
8.265,-0.1169,0.0156,1.019,0.1985,0.687,0.6336,,0.02,1.1010597,
8.285,-0.1179,0.0168,1.0188,0.1374,0.5649,0.626,,0.02,1.1038077,
8.305,-0.1174,0.0154,1.0281,0.1374,0.5496,0.5649,,0.02,1.1065557,
8.325,-0.1143,0.0134,1.0234,0.145,0.5344,0.6336,,0.02,1.1094557,
8.345,-0.1147,0.0178,1.0293,0.1985,0.6183,0.5802,,0.02,1.1134257,
8.365,-0.1189,0.0166,1.0247,0.145,0.5725,0.6107,,0.02,1.1163257,
8.385,-0.1179,0.0146,1.0198,0.1603,0.5038,0.6336,,0.021,1.119692,
8.406,-0.1194,0.0168,1.0237,0.2137,0.4885,0.5878,,0.019,1.1237523,
8.425,-0.1213,0.0159,1.0188,0.1756,0.6641,0.5191,,0.02,1.1272643,
8.445,-0.1184,0.019,1.0227,0.229,0.5115,0.6183,,0.02,1.1318443,
8.465,-0.1211,0.0208,1.0234,0.1374,0.5115,0.626,,0.02,1.1345923,
8.485,-0.1182,0.0168,1.0205,0.1527,0.687,0.6565,,0.02,1.1376463,
8.505,-0.1169,0.0198,1.0178,0.1832,0.4885,0.4656,,0.02,1.1413103,
8.525,-0.1143,0.0142,1.0183,0.1374,0.5878,0.5649,,0.02,1.1440583,
8.545,-0.1199,0.0139,1.0134,0.1908,0.5038,0.5725,,0.02,1.1478743,
8.565,-0.1169,0.0151,1.0227,0.1832,0.6183,0.5267,,0.02,1.1515383,
8.585,-0.1184,0.0166,1.0186,0.1221,0.4733,0.5649,,0.02,1.1539803,
8.605,-0.113,0.0156,1.0237,0.1527,0.6107,0.687,,0.02,1.1570343,
8.625,-0.1191,0.0134,1.0264,0.229,0.5573,0.5344,,0.02,1.1616143,
8.645,-0.1189,0.0156,1.0244,0.0992,0.6641,0.7481,,0.02,1.1635983,
8.665,-0.1165,0.0183,1.0205,0.1908,0.5878,0.6336,,0.02,1.1674143,
8.685,-0.115,0.0171,1.0222,0.1145,0.5725,0.5802,,0.02,1.1697043,
8.705,-0.1204,0.0173,1.0159,0.1145,0.5802,0.5878,,0.02,1.1719943,
8.725,-0.1196,0.019,1.0266,0.2443,0.6489,0.5115,,0.02,1.1768803,
8.745,-0.1169,0.0117,1.0193,0.1985,0.626,0.6183,,0.02,1.1808503,
8.765,-0.1162,0.0166,1.0168,0.1374,0.5649,0.5573,,0.02,1.1835983,
8.785,-0.116,0.0154,1.0205,0.0763,0.542,0.5267,,0.02,1.1851243,
8.805,-0.1179,0.0149,1.0237,0.1756,0.4962,0.6489,,0.02,1.1886363,
8.825,-0.1167,0.0161,1.0208,0.1374,0.6107,0.7099,,0.02,1.1913843,
8.845,-0.1165,0.0127,1.0234,0.1603,0.6489,0.6489,,0.02,1.1945903,
8.865,-0.1157,0.0146,1.0176,0.0916,0.6107,0.6794,,0.02,1.1964223,
8.885,-0.1177,0.0164,1.0198,0.0992,0.5344,0.5954,,0.02,1.1984063,
8.905,-0.1167,0.0134,1.0254,0.145,0.4656,0.6718,,0.02,1.2013063,
8.925,-0.1194,0.0117,1.019,0.084,0.6947,0.6565,,0.02,1.2029863,
8.945,-0.1177,0.0144,1.022,0.1832,0.5649,0.5496,,0.02,1.2066503,
8.965,-0.1174,0.0132,1.0212,0.2137,0.6489,0.542,,0.02,1.2109243,
8.985,-0.1211,0.0156,1.0212,0.1908,0.5115,0.6183,,0.02,1.2147403,
9.005,-0.1162,0.0151,1.0264,0.1756,0.4275,0.6718,,0.02,1.2182523,
9.025,-0.1116,0.0146,1.0208,0.2137,0.4885,0.6489,,0.021,1.22274,
9.046,-0.1167,0.0183,1.0161,0.1832,0.5954,0.6947,,0.019,1.2262208,
9.065,-0.1226,0.0149,1.0156,0.1603,0.4733,0.5802,,0.02,1.2294268,
9.085,-0.1191,0.0164,1.0227,0.2595,0.5115,0.5191,,0.02,1.2346168,
9.105,-0.1172,0.0161,1.0239,0.1298,0.4656,0.6107,,0.02,1.2372128,
9.125,-0.1177,0.011,1.0251,0.1145,0.5038,0.5267,,0.02,1.2395028,
9.145,-0.114,0.0139,1.0222,0.1145,0.4504,0.6107,,0.02,1.2417928,
9.165,-0.1162,0.0186,1.0205,0.1603,0.6031,0.6641,,0.02,1.2449988,
9.185,-0.1167,0.0166,1.0212,0.0916,0.5725,0.5649,,0.02,1.2468308,
9.205,-0.1167,0.0168,1.0178,0.1374,0.5038,0.6183,,0.02,1.2495788,
9.225,-0.116,0.0156,1.0229,0.1832,0.4733,0.6183,,0.02,1.2532428,
9.245,-0.1177,0.0181,1.0193,0.1374,0.5191,0.6794,,0.02,1.2559908,
9.265,-0.1169,0.0166,1.0176,0.0687,0.4962,0.626,,0.02,1.2573648,
9.285,-0.1167,0.0142,1.0178,0.0916,0.5725,0.6489,,0.02,1.2591968,
9.305,-0.1177,0.0173,1.0168,0.1298,0.5344,0.5649,,0.02,1.2617928,
9.325,-0.1145,0.0168,1.0256,0.1145,0.5802,0.626,,0.02,1.2640828,
9.345,-0.1174,0.0168,1.0217,0.1603,0.5802,0.687,,0.02,1.2672888,
9.365,-0.1155,0.0176,1.0166,0.1985,0.542,0.6489,,0.02,1.2712588,
9.385,-0.1179,0.0154,1.0254,0.1527,0.542,0.6183,,0.02,1.2743128,
9.405,-0.1187,0.0129,1.0225,0.2137,0.2824,0.5954,,0.02,1.2785868,
9.425,-0.1157,0.0125,1.0286,0.1374,0.542,0.5344,,0.02,1.2813348,
9.445,-0.1189,0.0098,1.0186,0.2061,0.5878,0.5802,,0.02,1.2854568,
9.465,-0.1189,0.0168,1.0203,0.1832,0.626,0.542,,0.02,1.2891208,
9.485,-0.1179,0.0146,1.0222,0.0763,0.6183,0.6794,,0.02,1.2906468,
9.505,-0.115,0.0159,1.0227,0.1069,0.4962,0.626,,0.02,1.2927848,
9.525,-0.1135,0.0154,1.021,0.084,0.5038,0.5802,,0.02,1.2944648,
9.545,-0.1174,0.0159,1.0229,0.1527,0.542,0.5649,,0.02,1.2975188,
9.565,-0.1196,0.0164,1.0217,0.0763,0.5573,0.5725,,0.02,1.2990448,
9.585,-0.1155,0.0151,1.0186,0.2061,0.6412,0.5649,,0.02,1.3031668,
9.605,-0.1211,0.0154,1.0176,0.0382,0.5191,0.6565,,0.02,1.3039308,
9.625,-0.1179,0.0151,1.021,0.1679,0.6336,0.6107,,0.02,1.3072888,
9.645,-0.1226,0.0154,1.0205,0.1679,0.5573,0.5573,,0.02,1.3106468,
9.665,-0.1143,0.0183,1.0281,0.1756,0.5954,0.6183,,0.021,1.3143344,
9.686,-0.1152,0.0159,1.0239,0.0992,0.4733,0.5496,,0.019,1.3162192,
9.705,-0.115,0.0156,1.0146,0.1298,0.5649,0.5267,,0.02,1.3188152,
9.725,-0.1189,0.0139,1.0198,0.1145,0.5725,0.626,,0.02,1.3211052,
9.745,-0.116,0.0144,1.0215,0.1679,0.5344,0.6183,,0.02,1.3244632,
9.765,-0.1189,0.0149,1.0198,0.1221,0.5725,0.6412,,0.02,1.3269052,
9.785,-0.1174,0.0159,1.0239,0.1908,0.4656,0.5573,,0.02,1.3307212,
9.805,-0.1201,0.0159,1.0168,0.0916,0.458,0.6794,,0.02,1.3325532,
9.825,-0.1157,0.0186,1.0232,0.1832,0.5496,0.6641,,0.02,1.3362172,
9.845,-0.1221,0.0164,1.0203,0.1145,0.5267,0.7099,,0.02,1.3385072,
9.865,-0.1174,0.0171,1.0146,0.1145,0.6031,0.6107,,0.02,1.3407972,
9.885,-0.1174,0.0132,1.022,0.1985,0.6565,0.6718,,0.02,1.3447672,
9.905,-0.1165,0.0151,1.022,0.0687,0.5802,0.6107,,0.02,1.3461412,
9.925,-0.1199,0.0134,1.0222,0.1527,0.6336,0.626,,0.02,1.3491952,
9.945,-0.1174,0.0166,1.0205,0.145,0.5725,0.5267,,0.02,1.3520952,
9.965,-0.1194,0.0164,1.0173,0.1679,0.5725,0.6031,,0.02,1.3554532,
9.985,-0.1169,0.0164,1.0222,0.145,0.4962,0.626,,0.02,1.3583532,
10.005,-0.1182,0.0117,1.0266,0.1069,0.5038,0.626,,0.02,1.3604912,
10.025,-0.1189,0.0159,1.0227,0.0992,0.626,0.6031,,0.02,1.3624752,
10.045,-0.1147,0.0156,1.0181,0.1298,0.5649,0.5267,,0.02,1.3650712,
10.065,-0.1147,0.0183,1.0256,0.1985,0.6107,0.6336,,0.02,1.3690412,
10.085,-0.1206,0.0151,1.0249,0.1221,0.5725,0.5115,,0.02,1.3714832,
10.105,-0.1152,0.0112,1.0217,0.0992,0.5573,0.6336,,0.02,1.3734672,
10.125,-0.1184,0.0168,1.0222,0.1527,0.6107,0.6565,,0.02,1.3765212,
10.145,-0.1196,0.0164,1.0254,0.145,0.5573,0.7099,,0.02,1.3794212,
10.165,-0.1189,0.0139,1.0215,0.0992,0.5496,0.6336,,0.02,1.3814052,
10.185,-0.1199,0.0134,1.0154,0.084,0.5115,0.5191,,0.02,1.3830852,
10.205,-0.1196,0.0154,1.0249,0.145,0.5191,0.626,,0.02,1.3859852,
10.225,-0.1172,0.0186,1.0168,0.2519,0.5802,0.626,,0.02,1.3910232,
10.245,-0.1204,0.0146,1.0178,0.2137,0.5496,0.6794,,0.02,1.3952972,
10.265,-0.1167,0.0139,1.0225,0.1679,0.5038,0.5573,,0.02,1.3986552,
10.285,-0.1174,0.0134,1.0198,0.145,0.6336,0.5725,,0.02,1.4015552,
10.305,-0.1162,0.0127,1.0171,0.1221,0.5573,0.5725,,0.021,1.4041193,
10.326,-0.1172,0.0188,1.0227,0.2214,0.4885,0.5573,,0.019,1.4083259,
10.345,-0.1169,0.0151,1.0149,0.1832,0.6107,0.5802,,0.02,1.4119899,
10.365,-0.1165,0.012,1.0166,0.0992,0.4427,0.6489,,0.02,1.4139739,
10.385,-0.1187,0.0129,1.0298,0.2214,0.5267,0.6489,,0.02,1.4184019,
10.405,-0.1182,0.0144,1.0164,0.1603,0.6336,0.4656,,0.02,1.4216079,
10.425,-0.1189,0.0146,1.0193,0.1832,0.542,0.542,,0.02,1.4252719,
10.445,-0.1199,0.0193,1.0229,0.145,0.5573,0.6565,,0.02,1.4281719,
10.465,-0.1157,0.0188,1.0251,0.0992,0.6412,0.6031,,0.02,1.4301559,
10.485,-0.1128,0.0146,1.0234,0.1908,0.4885,0.6031,,0.02,1.4339719,
10.505,-0.1179,0.0181,1.0261,0.1756,0.5191,0.5878,,0.02,1.4374839,
10.525,-0.1147,0.0127,1.0168,0.1679,0.542,0.5802,,0.02,1.4408419,
10.545,-0.1196,0.0144,1.0176,0.1679,0.4351,0.5267,,0.02,1.4441999,
10.565,-0.1189,0.0173,1.0222,0.084,0.5573,0.626,,0.02,1.4458799,
10.585,-0.1194,0.0166,1.0215,0.2137,0.4809,0.6641,,0.02,1.4501539,
10.605,-0.1179,0.0171,1.0249,0.1298,0.6031,0.6412,,0.02,1.4527499,
10.625,-0.1179,0.0149,1.0217,0.0534,0.5878,0.5802,,0.02,1.4538179,
10.645,-0.1179,0.019,1.0247,0.084,0.6031,0.6794,,0.02,1.4554979,
10.665,-0.1238,0.0164,1.0195,0.1298,0.6031,0.6794,,0.02,1.4580939,
10.685,-0.1145,0.0115,1.0212,0.2214,0.5725,0.7099,,0.02,1.4625219,
10.705,-0.1179,0.0122,1.0205,0.084,0.5725,0.6031,,0.02,1.4642019,
10.725,-0.1155,0.0166,1.0225,0.2061,0.5573,0.5802,,0.02,1.4683239,
10.745,-0.1179,0.0203,1.0249,0.1908,0.5649,0.6107,,0.02,1.4721399,
10.765,-0.1143,0.0168,1.0217,0.1527,0.5038,0.5725,,0.02,1.4751939,
10.785,-0.1157,0.0144,1.0212,0.1756,0.5496,0.6565,,0.02,1.4787059,
10.805,-0.1121,0.0117,1.0222,0.1298,0.5954,0.6183,,0.02,1.4813019,
10.825,-0.115,0.0151,1.0225,0.0687,0.4885,0.5725,,0.02,1.4826759,
10.845,-0.1174,0.0146,1.0225,0.1908,0.6565,0.6107,,0.02,1.4864919,
10.865,-0.1174,0.0161,1.0205,0.2443,0.5115,0.6412,,0.02,1.4913779,
10.885,-0.1177,0.0164,1.0208,0.1527,0.5573,0.5954,,0.02,1.4944319,
10.905,-0.1152,0.0144,1.0171,0.1527,0.5496,0.6412,,0.02,1.4974859,
10.925,-0.1191,0.0173,1.0327,0.0534,0.6336,0.5649,,0.02,1.4985539,
10.945,-0.1169,0.0188,1.0227,0.1679,0.5038,0.626,,0.021,1.5020798,
10.966,-0.1162,0.0139,1.0181,0.2443,0.4656,0.6489,,0.019,1.5067215,
10.985,-0.1191,0.0188,1.0198,0.1832,0.5725,0.5954,,0.02,1.5103855,
11.005,-0.1179,0.0122,1.0193,0.0229,0.4885,0.6947,,0.02,1.5108435,
11.025,-0.1204,0.0168,1.0173,0.229,0.5802,0.6107,,0.02,1.5154235,
11.045,-0.1196,0.0198,1.0261,0.0611,0.6031,0.6565,,0.02,1.5166455,
11.065,-0.1162,0.0159,1.0217,0.084,0.5725,0.6183,,0.02,1.5183255,
11.085,-0.1155,0.0159,1.0239,0.1679,0.626,0.5573,,0.02,1.5216835,
11.105,-0.1174,0.0193,1.0244,0.1527,0.7099,0.542,,0.02,1.5247375,
11.125,-0.1187,0.0159,1.0232,0.2061,0.4733,0.6489,,0.02,1.5288595,
11.145,-0.116,0.0161,1.0286,0.0611,0.6183,0.6412,,0.02,1.5300815,
11.165,-0.1162,0.0164,1.0278,0.0687,0.5344,0.5573,,0.02,1.5314555,
11.185,-0.1172,0.012,1.0293,0.3359,0.4427,0.5725,,0.02,1.5381735,
11.205,-0.1204,0.0154,1.0198,0.0916,0.5038,0.626,,0.02,1.5400055,
11.225,-0.1167,0.0205,1.0217,0.2366,0.5191,0.7176,,0.02,1.5447375,
11.245,-0.1116,0.0149,1.0229,0.1908,0.5496,0.7634,,0.02,1.5485535,
11.265,-0.1147,0.0154,1.0186,0.2672,0.6031,0.6107,,0.02,1.5538975,
11.285,-0.1182,0.0161,1.0186,0.1527,0.5267,0.5573,,0.02,1.5569515,
11.305,-0.1165,0.0193,1.0283,0.1374,0.4427,0.5344,,0.02,1.5596995,
11.325,-0.116,0.0168,1.0205,0.0992,0.4809,0.626,,0.02,1.5616835,
11.345,-0.1179,0.0137,1.0256,0.2137,0.5496,0.6107,,0.02,1.5659575,
11.365,-0.1152,0.0134,1.0232,0.1298,0.5725,0.6031,,0.02,1.5685535,
11.385,-0.1208,0.0134,1.0232,0.1832,0.5725,0.5954,,0.02,1.5722175,
11.405,-0.1191,0.0154,1.0183,0.0992,0.5496,0.6412,,0.02,1.5742015,
11.425,-0.1213,0.0166,1.0168,0.1221,0.5038,0.6031,,0.02,1.5766435,
11.445,-0.1191,0.0159,1.0254,0.1985,0.5649,0.6794,,0.02,1.5806135,
11.465,-0.1174,0.0154,1.022,0.1221,0.5649,0.626,,0.02,1.5830555,
11.485,-0.1213,0.0142,1.0225,0.1603,0.6031,0.6107,,0.02,1.5862615,
11.505,-0.1172,0.0171,1.0198,0.1756,0.4962,0.5649,,0.02,1.5897735,
11.525,-0.115,0.0154,1.0229,0.229,0.4809,0.6489,,0.02,1.5943535,
11.545,-0.1182,0.0161,1.0205,0.1069,0.5573,0.6031,,0.02,1.5964915,
11.565,-0.114,0.0159,1.0222,0.145,0.5496,0.6183,,0.02,1.5993915,
11.585,-0.1211,0.0149,1.0195,0.2595,0.4885,0.6565,,0.021,1.604841,
11.606,-0.1189,0.02,1.0176,0.0763,0.6718,0.6183,,0.019,1.6062907,
11.625,-0.116,0.0122,1.0198,0.2061,0.5344,0.5954,,0.02,1.6104127,
11.645,-0.1226,0.0176,1.0237,0.145,0.5725,0.6336,,0.02,1.6133127,
11.665,-0.1177,0.0146,1.0151,0.1221,0.5267,0.7634,,0.02,1.6157547,
11.685,-0.1177,0.0146,1.0249,0.2214,0.5115,0.5954,,0.02,1.6201827,
11.705,-0.1162,0.0095,1.0242,0.1679,0.4504,0.6794,,0.02,1.6235407,
11.725,-0.1179,0.009,1.0212,0.0534,0.542,0.542,,0.02,1.6246087,
11.745,-0.1172,0.0117,1.0188,0.229,0.5496,0.6489,,0.02,1.6291887,
11.765,-0.1157,0.0125,1.0264,0.2214,0.5878,0.626,,0.02,1.6336167,
11.785,-0.1145,0.0203,1.019,0.1298,0.5267,0.5802,,0.02,1.6362127,
11.805,-0.1172,0.0186,1.0249,0.0992,0.458,0.6489,,0.02,1.6381967,
11.825,-0.1221,0.0171,1.0208,0.1069,0.6336,0.4809,,0.02,1.6403347,
11.845,-0.1201,0.0142,1.0242,0.1603,0.4656,0.6031,,0.02,1.6435407,
11.865,-0.1204,0.0166,1.0254,0.1603,0.5878,0.5344,,0.02,1.6467467,
11.885,-0.116,0.0146,1.0137,0.1908,0.5191,0.626,,0.02,1.6505627,
11.905,-0.1165,0.0151,1.0198,0.0992,0.4427,0.5573,,0.02,1.6525467,
11.925,-0.1157,0.0154,1.0234,0.1832,0.5725,0.6183,,0.02,1.6562107,
11.945,-0.1184,0.0115,1.0161,0.0763,0.5649,0.5725,,0.02,1.6577367,
11.965,-0.1162,0.0146,1.0249,0.2519,0.4809,0.5573,,0.02,1.6627747,
11.985,-0.1177,0.012,1.0208,0.1145,0.4733,0.5878,,0.02,1.6650647,
12.005,-0.1201,0.0103,1.0208,0.1069,0.5954,0.6107,,0.02,1.6672027,
12.025,-0.1201,0.0161,1.0198,0.1908,0.5038,0.5573,,0.02,1.6710187,
12.045,-0.1128,0.0166,1.019,0.1527,0.5878,0.7634,,0.02,1.6740727,
12.065,-0.1162,0.0151,1.0198,0.145,0.4733,0.6107,,0.02,1.6769727,
12.085,-0.1184,0.0156,1.019,0.0992,0.5725,0.5573,,0.02,1.6789567,
12.105,-0.1145,0.0217,1.0229,0.1985,0.4885,0.687,,0.02,1.6829267,
12.125,-0.1177,0.0146,1.0212,0.1527,0.542,0.6336,,0.02,1.6859807,
12.145,-0.1169,0.0144,1.0171,0.1679,0.5649,0.5802,,0.02,1.6893387,
12.165,-0.1201,0.0176,1.0249,0.2137,0.6565,0.5878,,0.02,1.6936127,
12.185,-0.1167,0.0171,1.0283,0.1527,0.5191,0.6641,,0.02,1.6966667,
12.205,-0.1191,0.0181,1.0181,0.2595,0.5115,0.6412,,0.02,1.7018567,
12.225,-0.1162,0.0137,1.0203,0.1374,0.4427,0.6565,,0.021,1.7047421,
12.246,-0.1187,0.0159,1.0195,0.0382,0.626,0.687,,0.019,1.7054679,
12.265,-0.1165,0.01,1.0171,0.145,0.6183,0.6183,,0.02,1.7083679,
12.285,-0.1118,0.0137,1.021,0.2366,0.5038,0.5496,,0.02,1.7130999,
12.305,-0.1165,0.0144,1.0215,0.0916,0.4809,0.5725,,0.02,1.7149319,
12.325,-0.1172,0.0159,1.0193,0.1679,0.5191,0.6412,,0.02,1.7182899,
12.345,-0.1169,0.0173,1.0266,0.1603,0.5649,0.5802,,0.02,1.7214959,
12.365,-0.1189,0.0154,1.0203,0.145,0.5038,0.5878,,0.02,1.7243959,
12.385,-0.114,0.0151,1.0198,0.2366,0.5115,0.6183,,0.02,1.7291279,
12.405,-0.1187,0.0178,1.0203,0.1985,0.5802,0.7023,,0.02,1.7330979,
12.425,-0.1184,0.0188,1.0212,0.1756,0.5344,0.5878,,0.02,1.7366099,
12.445,-0.1189,0.0156,1.0232,0.1679,0.6336,0.687,,0.02,1.7399679,
12.465,-0.1165,0.0149,1.0237,0.1908,0.5115,0.5802,,0.02,1.7437839,
12.485,-0.1152,0.0151,1.0164,0.1756,0.5344,0.5573,,0.02,1.7472959,
12.505,-0.114,0.0156,1.0249,0.1603,0.5344,0.6641,,0.02,1.7505019,
12.525,-0.1147,0.011,1.0193,0.1374,0.5191,0.5649,,0.02,1.7532499,
12.545,-0.1155,0.0122,1.0232,0.1679,0.5878,0.5878,,0.02,1.7566079,
12.565,-0.1204,0.0168,1.0181,0.1145,0.5344,0.6565,,0.02,1.7588979,
12.585,-0.1162,0.0156,1.0205,0.1221,0.5802,0.5954,,0.02,1.7613399,
12.605,-0.1157,0.0151,1.0164,0.1832,0.5725,0.6336,,0.02,1.7650039,
12.625,-0.115,0.0164,1.0134,0.1908,0.6565,0.6336,,0.02,1.7688199,
12.645,-0.1152,0.0168,1.0227,0.0916,0.5802,0.6336,,0.02,1.7706519,
12.665,-0.1169,0.0139,1.0237,0.0916,0.5191,0.6412,,0.02,1.7724839,
12.685,-0.1213,0.0193,1.0186,0.1985,0.5038,0.5573,,0.02,1.7764539,
12.705,-0.1174,0.0183,1.019,0.1221,0.5344,0.458,,0.02,1.7788959,
12.725,-0.1162,0.0129,1.0234,0.1756,0.4656,0.5954,,0.02,1.7824079,
12.745,-0.1147,0.0178,1.0239,0.1527,0.7099,0.5802,,0.02,1.7854619,
12.765,-0.1162,0.0146,1.0229,0.1603,0.542,0.6641,,0.02,1.7886679,
12.785,-0.1184,0.0137,1.0205,0.2366,0.5573,0.6565,,0.02,1.7933999,
12.805,-0.115,0.0151,1.0286,0.084,0.5191,0.5344,,0.02,1.7950799,
12.825,-0.1206,0.0139,1.0232,0.1603,0.4809,0.5954,,0.02,1.7982859,
12.845,-0.1179,0.0154,1.0198,0.2137,0.6336,0.626,,0.02,1.8025599,
12.865,-0.1177,0.0146,1.0198,0.1603,0.5191,0.5878,,0.021,1.8059262,
12.886,-0.1179,0.019,1.0195,0.1374,0.5267,0.5649,,0.019,1.8085368,
12.905,-0.116,0.0164,1.0208,0.1832,0.6565,0.5954,,0.02,1.8122008,
12.925,-0.1182,0.0168,1.0237,0.2137,0.4809,0.5802,,0.02,1.8164748,
12.945,-0.1196,0.0171,1.0217,0.2519,0.4962,0.5878,,0.02,1.8215128,
12.965,-0.1169,0.0181,1.0239,0.1832,0.5878,0.6107,,0.02,1.8251768,
12.985,-0.1182,0.0164,1.021,0.1985,0.5649,0.5954,,0.02,1.8291468,
13.005,-0.1172,0.0146,1.0195,0.1985,0.5267,0.6641,,0.02,1.8331168,
13.025,-0.1208,0.0154,1.02,0.1908,0.6794,0.6641,,0.02,1.8369328,
13.045,-0.1145,0.0154,1.0171,0.0992,0.5115,0.6031,,0.02,1.8389168,
13.065,-0.1184,0.0164,1.0237,0.1756,0.542,0.5802,,0.02,1.8424288,
13.085,-0.1191,0.0125,1.021,0.1298,0.5802,0.6183,,0.02,1.8450248,
13.105,-0.1165,0.0137,1.0276,0.1069,0.5496,0.5954,,0.02,1.8471628,
13.125,-0.1152,0.0115,1.0208,0.0763,0.4962,0.5954,,0.02,1.8486888,
13.145,-0.1152,0.0188,1.0139,0.1374,0.5267,0.6183,,0.02,1.8514368,
13.165,-0.115,0.02,1.0203,0.0687,0.5878,0.5878,,0.02,1.8528108,
13.185,-0.1187,0.0183,1.0168,0.0916,0.5496,0.6489,,0.02,1.8546428,
13.205,-0.115,0.0178,1.0137,0.1527,0.6107,0.6565,,0.02,1.8576968,
13.225,-0.1152,0.0146,1.0205,0.2061,0.6718,0.6489,,0.02,1.8618188,
13.245,-0.1201,0.0164,1.0247,0.1374,0.6183,0.5802,,0.02,1.8645668,
13.265,-0.113,0.0144,1.0217,0.1756,0.6107,0.5496,,0.02,1.8680788,
13.285,-0.1218,0.0159,1.0183,0.2137,0.5573,0.6107,,0.02,1.8723528,
13.305,-0.1199,0.0144,1.0166,0.1603,0.6794,0.5878,,0.02,1.8755588,
13.325,-0.1174,0.0161,1.0261,0.1527,0.4122,0.5344,,0.02,1.8786128,
13.345,-0.1189,0.0154,1.0225,0.1603,0.5649,0.6412,,0.02,1.8818188,
13.365,-0.1165,0.0173,1.0222,0.0687,0.5267,0.5725,,0.02,1.8831928,
13.385,-0.1152,0.0183,1.0261,0.2137,0.5267,0.5878,,0.02,1.8874668,
13.405,-0.1182,0.0203,1.0283,0.1221,0.6031,0.5649,,0.02,1.8899088,
13.425,-0.1128,0.0161,1.0212,0.2061,0.5344,0.7099,,0.02,1.8940308,
13.445,-0.1157,0.0149,1.0183,0.1145,0.5802,0.5649,,0.02,1.8963208,
13.465,-0.1167,0.0144,1.0203,0.0763,0.6031,0.5496,,0.02,1.8978468,
13.485,-0.1167,0.0142,1.0293,0.2519,0.5649,0.5573,,0.02,1.9028848,
13.505,-0.1174,0.0129,1.0217,0.1832,0.6412,0.5878,,0.021,1.906732,
13.526,-0.1184,0.0129,1.0195,0.084,0.5573,0.6183,,0.019,1.908328,
13.545,-0.1169,0.0156,1.0208,0.0305,0.5573,0.626,,0.02,1.908938,
13.565,-0.1177,0.0144,1.0222,0.1069,0.6107,0.5649,,0.02,1.911076,
13.585,-0.115,0.0176,1.0222,0.1527,0.4733,0.6718,,0.02,1.91413,
13.605,-0.1152,0.0171,1.0198,0.0687,0.626,0.6489,,0.02,1.915504,
13.625,-0.1169,0.0171,1.0271,0.1985,0.5573,0.5038,,0.02,1.919474,
13.645,-0.1184,0.0129,1.0229,0.0916,0.6947,0.5878,,0.02,1.921306,
13.665,-0.1226,0.0156,1.0266,0.1832,0.6107,0.687,,0.02,1.92497,
13.685,-0.1189,0.0149,1.0195,0.2061,0.5496,0.6641,,0.02,1.929092,
13.705,-0.115,0.0154,1.0232,0.2366,0.4733,0.6489,,0.02,1.933824,
13.725,-0.1143,0.0168,1.0232,0.2595,0.4809,0.6412,,0.02,1.939014,
13.745,-0.1162,0.0181,1.012,0.145,0.5954,0.5573,,0.02,1.941914,
13.765,-0.1155,0.0164,1.0222,0.1679,0.6031,0.5649,,0.02,1.945272,
13.785,-0.1206,0.0137,1.0166,0.1908,0.5344,0.6794,,0.02,1.949088,
13.805,-0.116,0.0134,1.019,0.1756,0.6183,0.5573,,0.02,1.9526,
13.825,-0.1162,0.0151,1.0203,0.2595,0.5038,0.5878,,0.02,1.95779,
13.845,-0.116,0.0183,1.02,0.2137,0.626,0.626,,0.02,1.962064,
13.865,-0.1174,0.0176,1.0195,0.1832,0.6565,0.6031,,0.02,1.965728,
13.885,-0.1174,0.0159,1.0176,0.0916,0.5038,0.6412,,0.02,1.96756,
13.905,-0.1184,0.0154,1.02,0.1069,0.6412,0.5878,,0.02,1.969698,
13.925,-0.1116,0.0149,1.0217,0.1374,0.5115,0.542,,0.02,1.972446,
13.945,-0.1189,0.0161,1.0259,0.2137,0.6031,0.6565,,0.02,1.97672,
13.965,-0.1182,0.0156,1.0188,0.1832,0.5725,0.5725,,0.02,1.980384,
13.985,-0.1196,0.0161,1.0193,0.2137,0.5878,0.5725,,0.02,1.984658,
14.005,-0.1187,0.0139,1.0208,0.1374,0.5267,0.7176,,0.02,1.987406,
14.025,-0.1152,0.0156,1.0215,0.2061,0.5573,0.6107,,0.02,1.991528,
14.045,-0.1204,0.0156,1.0251,0.0763,0.5649,0.5725,,0.02,1.993054,
14.065,-0.1165,0.0137,1.0144,0.1298,0.5344,0.626,,0.02,1.99565,
14.085,-0.1187,0.0168,1.0168,0.0458,0.542,0.6412,,0.02,1.996566,
14.105,-0.1169,0.0125,1.0244,0.1374,0.5344,0.5725,,0.02,1.999314,
14.125,-0.1169,0.0144,1.0212,0.0992,0.6718,0.6565,,0.02,2.001298,
14.145,-0.1187,0.019,1.0237,0.1221,0.5115,0.6565,,0.021,2.0038621,
14.166,-0.1201,0.0134,1.0186,0.2214,0.4504,0.6107,,0.019,2.0080687,
14.185,-0.1184,0.0142,1.0205,0.1221,0.5878,0.6031,,0.02,2.0105107,
14.205,-0.1179,0.0142,1.0198,0.1221,0.458,0.6031,,0.02,2.0129527,
14.225,-0.1167,0.0164,1.0273,0.1908,0.4962,0.6031,,0.02,2.0167687,
14.245,-0.1174,0.0142,1.0229,0.1221,0.5038,0.5802,,0.02,2.0192107,
14.265,-0.1189,0.0149,1.02,0.0916,0.5115,0.6107,,0.02,2.0210427,
14.285,-0.1138,0.0146,1.0286,0.1679,0.5649,0.5878,,0.02,2.0244007,
14.305,-0.1152,0.0137,1.0195,0.2061,0.6183,0.5496,,0.02,2.0285227,
14.325,-0.1155,0.0127,1.0178,0.0992,0.5191,0.5878,,0.02,2.0305067,
14.345,-0.116,0.0127,1.0222,0.2824,0.5191,0.6947,,0.02,2.0361547,
14.365,-0.1169,0.0164,1.0269,0.1527,0.542,0.5954,,0.02,2.0392087,
14.385,-0.1155,0.0149,1.0295,0.145,0.5954,0.6336,,0.02,2.0421087,
14.405,-0.113,0.0134,1.0186,0.1756,0.6031,0.5954,,0.02,2.0456207,
14.425,-0.116,0.0142,1.0229,0.1985,0.4733,0.5649,,0.02,2.0495907,
14.445,-0.1174,0.0176,1.0232,0.2061,0.4962,0.5802,,0.02,2.0537127,
14.465,-0.1121,0.0181,1.0217,0.1756,0.4962,0.687,,0.02,2.0572247,
14.485,-0.1165,0.0173,1.0212,0.1069,0.542,0.6794,,0.02,2.0593627,
14.505,-0.1199,0.0203,1.022,0.1603,0.6718,0.6336,,0.02,2.0625687,
14.525,-0.116,0.0173,1.0168,0.1298,0.5115,0.5878,,0.02,2.0651647,
14.545,-0.1172,0.0161,1.0222,0.0992,0.5496,0.5725,,0.02,2.0671487,
14.565,-0.1196,0.0154,1.02,0.1374,0.6718,0.626,,0.02,2.0698967,
14.585,-0.1211,0.0151,1.0193,0.1985,0.6031,0.542,,0.02,2.0738667,
14.605,-0.1199,0.0164,1.019,0.145,0.542,0.5878,,0.02,2.0767667,
14.625,-0.115,0.0142,1.0195,0.2061,0.4885,0.542,,0.02,2.0808887,
14.645,-0.1147,0.0164,1.0212,0.1527,0.4504,0.5878,,0.02,2.0839427,
14.665,-0.1162,0.012,1.0259,0.1603,0.4656,0.6489,,0.02,2.0871487,
14.685,-0.1189,0.0137,1.0176,0.2366,0.542,0.626,,0.02,2.0918807,
14.705,-0.1199,0.0154,1.0183,0.145,0.5267,0.5878,,0.02,2.0947807,
14.725,-0.1165,0.0166,1.0188,0.1679,0.5267,0.6107,,0.02,2.0981387,
14.745,-0.1172,0.0127,1.0168,0.1221,0.5802,0.5725,,0.02,2.1005807,
14.765,-0.1177,0.0154,1.0254,0.0763,0.5115,0.626,,0.02,2.1021067,
14.785,-0.1191,0.0173,1.0215,0.1832,0.6565,0.5496,,0.021,2.1059539,
14.806,-0.1196,0.0146,1.0232,0.1756,0.5878,0.5802,,0.019,2.1092903,
14.825,-0.124,0.0171,1.0269,0.1527,0.6718,0.6718,,0.02,2.1123443,
14.845,-0.1133,0.0186,1.0227,0.1527,0.5191,0.6031,,0.02,2.1153983,
14.865,-0.116,0.0151,1.0227,0.0763,0.4122,0.6412,,0.02,2.1169243,
14.885,-0.1194,0.0181,1.0203,0.1145,0.4733,0.5954,,0.02,2.1192143,
14.905,-0.1196,0.0098,1.0178,0.0763,0.5802,0.5496,,0.02,2.1207403,
14.925,-0.1196,0.0142,1.0183,0.2061,0.5878,0.6489,,0.02,2.1248623,
14.945,-0.1189,0.0132,1.0251,0.1221,0.5038,0.626,,0.02,2.1273043,
14.965,-0.1182,0.0129,1.0261,0.2137,0.5191,0.6183,,0.02,2.1315783,
14.985,-0.1211,0.0156,1.0217,0.0992,0.458,0.7328,,0.02,2.1335623,
15.005,-0.1157,0.0166,1.0269,0.145,0.5038,0.6412,,0.02,2.1364623,
15.025,-0.1125,0.02,1.0208,0.084,0.6031,0.6183,,0.02,2.1381423,
15.045,-0.114,0.0181,1.0251,0.1679,0.5038,0.626,,0.02,2.1415003,
15.065,-0.1167,0.0168,1.0129,0.1908,0.6107,0.6718,,0.02,2.1453163,
15.085,-0.1155,0.0149,1.0227,0.1603,0.5115,0.5496,,0.02,2.1485223,
15.105,-0.115,0.0186,1.0188,0.2443,0.6183,0.6412,,0.02,2.1534083,
15.125,-0.1196,0.0195,1.0195,0.1221,0.626,0.5878,,0.02,2.1558503,
15.145,-0.1204,0.0188,1.0217,0.145,0.4504,0.4809,,0.02,2.1587503,
15.165,-0.1179,0.0142,1.0205,0.1298,0.4809,0.6183,,0.02,2.1613463,
15.185,-0.1155,0.0149,1.0203,0.145,0.4427,0.5191,,0.02,2.1642463,
15.205,-0.1182,0.0125,1.0225,0.0992,0.5573,0.6183,,0.02,2.1662303,
15.225,-0.1189,0.0112,1.0225,0.1908,0.5267,0.5878,,0.02,2.1700463,
15.245,-0.1174,0.0115,1.022,0.229,0.5496,0.5344,,0.02,2.1746263,
15.265,-0.1211,0.0176,1.0239,0.1603,0.5496,0.5954,,0.02,2.1778323,
15.285,-0.1208,0.0151,1.0222,0.1756,0.542,0.5115,,0.02,2.1813443,
15.305,-0.1162,0.0132,1.0237,0.1527,0.4198,0.5954,,0.02,2.1843983,
15.325,-0.1169,0.0188,1.0186,0.145,0.6565,0.5573,,0.02,2.1872983,
15.345,-0.1172,0.0195,1.0271,0.1221,0.5649,0.6031,,0.02,2.1897403,
15.365,-0.1174,0.0176,1.0229,0.1756,0.4809,0.6336,,0.02,2.1932523,
15.385,-0.116,0.0183,1.0193,0.1679,0.5878,0.6489,,0.02,2.1966103,
15.405,-0.1196,0.0176,1.0205,0.1985,0.5725,0.5802,,0.02,2.2005803,
15.425,-0.1177,0.0139,1.019,0.145,0.5954,0.6565,,0.021,2.2036253,
15.446,-0.1165,0.0151,1.0181,0.1298,0.5191,0.4885,,0.019,2.2060915,
15.465,-0.1189,0.0134,1.0239,0.1832,0.4656,0.5878,,0.02,2.2097555,
15.485,-0.1179,0.0134,1.0242,0.1374,0.4962,0.6107,,0.02,2.2125035,
15.505,-0.1169,0.0183,1.0225,0.1069,0.4656,0.6412,,0.02,2.2146415,
15.525,-0.1167,0.011,1.0225,0.0687,0.542,0.5191,,0.02,2.2160155,
15.545,-0.1201,0.0149,1.022,0.2137,0.4962,0.5344,,0.02,2.2202895,
15.565,-0.1194,0.0164,1.0168,0.1069,0.6183,0.5649,,0.02,2.2224275,
15.585,-0.1196,0.0181,1.0198,0.2137,0.5649,0.6183,,0.02,2.2267015,
15.605,-0.1179,0.0146,1.0188,0.2061,0.5344,0.6336,,0.02,2.2308235,
15.625,-0.1196,0.0217,1.0166,0.1069,0.458,0.6183,,0.02,2.2329615,
15.645,-0.1118,0.0173,1.0178,0.1527,0.5725,0.7023,,0.02,2.2360155,
15.665,-0.1145,0.0156,1.0225,0.1679,0.5191,0.6565,,0.02,2.2393735,
15.685,-0.1201,0.0181,1.0193,0.0916,0.4962,0.5878,,0.02,2.2412055,
15.705,-0.1187,0.0144,1.0269,0.145,0.6565,0.6031,,0.02,2.2441055,
15.725,-0.1162,0.0125,1.0171,0.0763,0.6794,0.626,,0.02,2.2456315,
15.745,-0.1216,0.0149,1.0237,0.1527,0.5038,0.6336,,0.02,2.2486855,
15.765,-0.1145,0.0168,1.0217,0.1527,0.5496,0.6412,,0.02,2.2517395,
15.785,-0.1157,0.0166,1.0181,0.1527,0.5344,0.5954,,0.02,2.2547935,
15.805,-0.1169,0.011,1.0256,0.0382,0.5725,0.5878,,0.02,2.2555575,
15.825,-0.1147,0.0161,1.0247,0.1527,0.5649,0.5802,,0.02,2.2586115,
15.845,-0.1194,0.0178,1.021,0.1298,0.5496,0.542,,0.02,2.2612075,
15.865,-0.1206,0.0188,1.0198,0.1298,0.7099,0.6412,,0.02,2.2638035,
15.885,-0.1165,0.0183,1.0208,0.145,0.6183,0.6565,,0.02,2.2667035,
15.905,-0.1167,0.0139,1.0181,0.0992,0.542,0.5649,,0.02,2.2686875,
15.925,-0.115,0.0156,1.0239,0.145,0.4427,0.626,,0.02,2.2715875,
15.945,-0.1143,0.0142,1.0193,0.1069,0.6183,0.5344,,0.02,2.2737255,
15.965,-0.1167,0.0173,1.0227,0.1221,0.5878,0.5344,,0.02,2.2761675,
15.985,-0.1155,0.0137,1.0173,0.1908,0.5496,0.5954,,0.02,2.2799835,
16.005,-0.1206,0.0139,1.0217,0.0916,0.5344,0.6336,,0.02,2.2818155,
16.025,-0.1199,0.0112,1.0215,0.0611,0.458,0.5954,,0.02,2.2830375,
16.045,-0.1133,0.0142,1.0229,0.1985,0.5802,0.5725,,0.02,2.2870075,
16.065,-0.1179,0.0132,1.021,0.084,0.5573,0.5115,,0.021,2.2887715,
16.086,-0.1167,0.0178,1.0146,0.1145,0.5878,0.6336,,0.019,2.290947,
16.105,-0.1167,0.0168,1.0215,0.1985,0.5191,0.5725,,0.02,2.294917,
16.125,-0.1169,0.0154,1.0229,0.1985,0.6336,0.6031,,0.02,2.298887,
16.145,-0.1196,0.0146,1.022,0.1527,0.5267,0.5954,,0.02,2.301941,
16.165,-0.1152,0.0171,1.0239,0.1679,0.5954,0.5954,,0.02,2.305299,
16.185,-0.1177,0.0164,1.0217,0.145,0.542,0.5649,,0.02,2.308199,
16.205,-0.1204,0.0134,1.0217,0.0916,0.5496,0.5725,,0.02,2.310031,
16.225,-0.1189,0.0176,1.0154,0.145,0.6031,0.6183,,0.02,2.312931,
16.245,-0.1169,0.0168,1.0188,0.0458,0.5802,0.6183,,0.02,2.313847,
16.265,-0.1167,0.0178,1.0244,0.1374,0.5725,0.5573,,0.02,2.316595,
16.285,-0.1162,0.0115,1.0164,0.1527,0.5496,0.6031,,0.02,2.319649,
16.305,-0.1179,0.0112,1.0193,0.1603,0.4885,0.6947,,0.02,2.322855,
16.325,-0.1145,0.0142,1.0264,0.1298,0.542,0.6031,,0.02,2.325451,
16.345,-0.1169,0.0151,1.0215,0.1756,0.5878,0.5496,,0.02,2.328963,
16.365,-0.1169,0.0142,1.0198,0.1221,0.5496,0.5802,,0.02,2.331405,
16.385,-0.1182,0.0127,1.0173,0.1756,0.6031,0.6718,,0.02,2.334917,
16.405,-0.1187,0.0134,1.021,0.145,0.6336,0.542,,0.02,2.337817,
16.425,-0.1167,0.0151,1.0227,0.084,0.7099,0.7023,,0.02,2.339497,
16.445,-0.1167,0.0188,1.021,0.0611,0.5267,0.6718,,0.02,2.340719,
16.465,-0.1143,0.0186,1.021,0.1679,0.6031,0.6412,,0.02,2.344077,
16.485,-0.113,0.0166,1.0249,0.0687,0.626,0.626,,0.02,2.345451,
16.505,-0.1216,0.0164,1.0251,0.0992,0.5038,0.6107,,0.02,2.347435,
16.525,-0.1211,0.0188,1.0242,0.0687,0.5344,0.5725,,0.02,2.348809,
16.545,-0.1165,0.0149,1.0232,0.1908,0.4656,0.6107,,0.02,2.352625,
16.565,-0.1194,0.0122,1.0198,0.1527,0.6412,0.542,,0.02,2.355679,
16.585,-0.114,0.0085,1.0237,0.1221,0.5496,0.5573,,0.02,2.358121,
16.605,-0.1165,0.0112,1.0234,0.1374,0.5496,0.6107,,0.02,2.360869,
16.625,-0.1191,0.0146,1.0232,0.1756,0.5496,0.6489,,0.02,2.364381,
16.645,-0.1167,0.0122,1.0149,0.1069,0.6031,0.6336,,0.02,2.366519,
16.665,-0.1157,0.0183,1.0188,0.1374,0.5496,0.6412,,0.02,2.369267,
16.685,-0.115,0.0195,1.019,0.0916,0.5725,0.5802,,0.02,2.371099,
16.705,-0.1143,0.0225,1.0205,0.1527,0.5649,0.5954,,0.021,2.3743057,
16.726,-0.1194,0.019,1.0195,0.1832,0.4809,0.5725,,0.019,2.3777865,
16.745,-0.1167,0.02,1.0225,0.084,0.4504,0.6641,,0.02,2.3794665,
16.765,-0.114,0.0186,1.019,0.1527,0.5649,0.6336,,0.02,2.3825205,
16.785,-0.1116,0.0122,1.0186,0.2824,0.6031,0.6031,,0.02,2.3881685,
16.805,-0.1199,0.0142,1.0188,0.1985,0.5649,0.6489,,0.02,2.3921385,
16.825,-0.1182,0.0107,1.022,0.2214,0.626,0.6031,,0.02,2.3965665,
16.845,-0.1196,0.0107,1.0225,0.1832,0.5344,0.6107,,0.02,2.4002305,
16.865,-0.1147,0.0085,1.0229,0.0763,0.4656,0.5115,,0.02,2.4017565,
16.885,-0.1165,0.0098,1.0239,0.1985,0.6412,0.5954,,0.02,2.4057265,
16.905,-0.1187,0.0127,1.0154,0.1603,0.6336,0.5802,,0.02,2.4089325,
16.925,-0.1174,0.019,1.0164,0.2214,0.5115,0.6336,,0.02,2.4133605,
16.945,-0.1194,0.0205,1.0264,0.1603,0.6336,0.6794,,0.02,2.4165665,
16.965,-0.1194,0.0188,1.02,0.145,0.6718,0.5878,,0.02,2.4194665,
16.985,-0.1165,0.0234,1.0283,0.2366,0.5191,0.6718,,0.02,2.4241985,
17.005,-0.1143,0.0205,1.0232,0.1679,0.542,0.5573,,0.02,2.4275565,
17.025,-0.1177,0.0161,1.0269,0.1603,0.542,0.5573,,0.02,2.4307625,
17.045,-0.1177,0.0149,1.02,0.1908,0.5038,0.5802,,0.02,2.4345785,
17.065,-0.1165,0.0125,1.0227,0.084,0.6794,0.6489,,0.02,2.4362585,
17.085,-0.1177,0.01,1.0232,0.145,0.5038,0.5878,,0.02,2.4391585,
17.105,-0.1191,0.0137,1.0193,0.1527,0.6565,0.687,,0.02,2.4422125,
17.125,-0.1145,0.0105,1.0244,0.2061,0.4962,0.6489,,0.02,2.4463345,
17.145,-0.1196,0.0142,1.0193,0.1603,0.7634,0.5496,,0.02,2.4495405,
17.165,-0.1116,0.0142,1.0227,0.1298,0.6031,0.5802,,0.02,2.4521365,
17.185,-0.1177,0.0151,1.0198,0.0992,0.6107,0.4427,,0.02,2.4541205,
17.205,-0.1187,0.0208,1.0215,0.2137,0.5344,0.5573,,0.02,2.4583945,
17.225,-0.1169,0.0188,1.0254,0.0916,0.4885,0.6794,,0.02,2.4602265,
17.245,-0.1145,0.0171,1.0217,0.0916,0.458,0.626,,0.02,2.4620585,
17.265,-0.1152,0.019,1.0176,0.1908,0.5802,0.5496,,0.02,2.4658745,
17.285,-0.1194,0.0198,1.0232,0.1298,0.5267,0.5344,,0.02,2.4684705,
17.305,-0.1177,0.0164,1.0217,0.1527,0.4733,0.6794,,0.02,2.4715245,
17.325,-0.1174,0.012,1.0181,0.0916,0.4885,0.6641,,0.02,2.4733565,
17.345,-0.1138,0.0103,1.0222,0.1908,0.5649,0.6336,,0.021,2.4773633,
17.366,-0.1172,0.0122,1.0203,0.1221,0.542,0.6183,,0.019,2.4796832,
17.385,-0.1191,0.0156,1.0229,0.2214,0.5954,0.6183,,0.02,2.4841112,
17.405,-0.1179,0.0132,1.0181,0.1756,0.6489,0.5649,,0.02,2.4876232,
17.425,-0.115,0.0144,1.0166,0.1603,0.5115,0.5954,,0.02,2.4908292,
17.445,-0.1194,0.0183,1.0215,0.0305,0.458,0.7099,,0.02,2.4914392,
17.465,-0.1162,0.0144,1.0203,0.1527,0.5878,0.6183,,0.02,2.4944932,
17.485,-0.1155,0.0173,1.019,0.1374,0.542,0.6107,,0.02,2.4972412,
17.505,-0.1182,0.0205,1.0193,0.1679,0.4962,0.6412,,0.02,2.5005992,
17.525,-0.1165,0.0193,1.0205,0.0916,0.5878,0.5573,,0.02,2.5024312,
17.545,-0.1204,0.0178,1.0183,0.1145,0.5954,0.6718,,0.02,2.5047212,
17.565,-0.1189,0.0183,1.0229,0.1908,0.6794,0.626,,0.02,2.5085372,
17.585,-0.1187,0.011,1.0164,0.1756,0.5954,0.542,,0.02,2.5120492,
17.605,-0.116,0.0122,1.0232,0.1679,0.5802,0.5725,,0.02,2.5154072,
17.625,-0.1135,0.0083,1.0244,0.145,0.4885,0.6489,,0.02,2.5183072,
17.645,-0.1187,0.0149,1.0171,0.1756,0.542,0.7252,,0.02,2.5218192,
17.665,-0.1194,0.0195,1.0215,0.145,0.5649,0.6565,,0.02,2.5247192,
17.685,-0.1233,0.011,1.0195,0.1679,0.6107,0.5802,,0.02,2.5280772,
17.705,-0.1191,0.0181,1.0249,0.1298,0.5573,0.6412,,0.02,2.5306732,
17.725,-0.1152,0.0144,1.0251,0.1298,0.542,0.6565,,0.02,2.5332692,
17.745,-0.1169,0.0176,1.0261,0.1221,0.5573,0.5954,,0.02,2.5357112,
17.765,-0.1172,0.0225,1.0183,0.1832,0.4427,0.6794,,0.02,2.5393752,
17.785,-0.1182,0.0181,1.0232,0.1527,0.5267,0.7099,,0.02,2.5424292,
17.805,-0.1179,0.0168,1.0193,0.1908,0.5496,0.5954,,0.02,2.5462452,
17.825,-0.1157,0.0181,1.0203,0.1298,0.542,0.6031,,0.02,2.5488412,
17.845,-0.1189,0.02,1.0205,0.1069,0.5573,0.5802,,0.02,2.5509792,
17.865,-0.1213,0.0085,1.0242,0.2214,0.5878,0.5954,,0.02,2.5554072,
17.885,-0.1189,0.0112,1.0205,0.1908,0.5191,0.5954,,0.02,2.5592232,
17.905,-0.1199,0.0093,1.0254,0.1908,0.5191,0.5725,,0.02,2.5630392,
17.925,-0.1167,0.0105,1.0215,0.1069,0.4656,0.6107,,0.02,2.5651772,
17.945,-0.1135,0.0112,1.0198,0.084,0.5802,0.5802,,0.02,2.5668572,
17.965,-0.1152,0.0137,1.0203,0.1527,0.5191,0.6336,,0.02,2.5699112,
17.985,-0.1162,0.012,1.0251,0.2214,0.5115,0.6412,,0.021,2.5745606,
18.006,-0.1165,0.0161,1.0188,0.2137,0.6641,0.626,,0.019,2.5786209,
18.025,-0.1213,0.0198,1.0254,0.1374,0.5878,0.5267,,0.02,2.5813689,
18.045,-0.1194,0.0232,1.0283,0.1221,0.5954,0.6641,,0.02,2.5838109,
18.065,-0.1145,0.02,1.0212,0.1832,0.5954,0.5649,,0.02,2.5874749,
18.085,-0.1174,0.0215,1.0198,0.1832,0.4351,0.6336,,0.02,2.5911389,
18.105,-0.1143,0.0188,1.0247,0.1221,0.4962,0.5725,,0.02,2.5935809,
18.125,-0.1165,0.0156,1.0251,0.0763,0.5802,0.6794,,0.02,2.5951069,
18.145,-0.115,0.0161,1.0217,0.0534,0.5344,0.542,,0.02,2.5961749,
18.165,-0.114,0.0107,1.0205,0.1603,0.4809,0.6641,,0.02,2.5993809,
18.185,-0.1143,0.0105,1.0227,0.2061,0.5267,0.6336,,0.02,2.6035029,
18.205,-0.1165,0.0115,1.0217,0.1298,0.458,0.5573,,0.02,2.6060989,
18.225,-0.1199,0.0122,1.0188,0.1298,0.5954,0.6336,,0.02,2.6086949,
18.245,-0.1194,0.0146,1.0181,0.1145,0.5191,0.6412,,0.02,2.6109849,
18.265,-0.1145,0.0193,1.0173,0.1069,0.5267,0.6718,,0.02,2.6131229,
18.285,-0.1133,0.0154,1.0225,0.0763,0.6565,0.626,,0.02,2.6146489,
18.305,-0.1128,0.0186,1.0156,0.1756,0.6336,0.6336,,0.02,2.6181609,
18.325,-0.1177,0.0173,1.0186,0.0992,0.5649,0.6489,,0.02,2.6201449,
18.345,-0.1157,0.0159,1.0168,0.2214,0.5649,0.6107,,0.02,2.6245729,
18.365,-0.1174,0.0178,1.0212,0.2137,0.4504,0.6183,,0.02,2.6288469,
18.385,-0.1196,0.0142,1.0212,0.1908,0.5267,0.5802,,0.02,2.6326629,
18.405,-0.1165,0.0139,1.0139,0.1679,0.542,0.6336,,0.02,2.6360209,
18.425,-0.1184,0.0134,1.0247,0.1221,0.4198,0.5649,,0.02,2.6384629,
18.445,-0.1167,0.0139,1.0244,0.084,0.6031,0.5725,,0.02,2.6401429,
18.465,-0.1167,0.0117,1.0139,0.2137,0.6565,0.6183,,0.02,2.6444169,
18.485,-0.1167,0.0166,1.021,0.0992,0.5802,0.6183,,0.02,2.6464009,
18.505,-0.1172,0.0107,1.0208,0.1832,0.6107,0.626,,0.02,2.6500649,
18.525,-0.114,0.0156,1.0244,0.2748,0.542,0.5496,,0.02,2.6555609,
18.545,-0.1182,0.0137,1.0312,0.084,0.5344,0.6107,,0.02,2.6572409,
18.565,-0.1187,0.0166,1.0178,0.0916,0.5573,0.5496,,0.02,2.6590729,
18.585,-0.1189,0.0168,1.0188,0.1603,0.5115,0.6107,,0.02,2.6622789,
18.605,-0.1152,0.0188,1.0212,0.1221,0.4504,0.7176,,0.02,2.6647209,
18.625,-0.1165,0.0198,1.0193,0.1679,0.5267,0.626,,0.021,2.6682468,
18.646,-0.1177,0.02,1.022,0.0611,0.5954,0.6031,,0.019,2.6694077,
18.665,-0.1157,0.0171,1.0256,0.1832,0.6718,0.6183,,0.02,2.6730717,
18.685,-0.1179,0.0144,1.0234,0.145,0.6489,0.4885,,0.02,2.6759717,
18.705,-0.1172,0.0137,1.0176,0.1527,0.5573,0.687,,0.02,2.6790257,
18.725,-0.1152,0.0146,1.0198,0.1069,0.4962,0.5878,,0.02,2.6811637,
18.745,-0.1191,0.0132,1.0222,0.1908,0.5649,0.626,,0.02,2.6849797,
18.765,-0.1165,0.0132,1.0188,0.1527,0.5878,0.5267,,0.02,2.6880337,
18.785,-0.1169,0.0161,1.0188,0.1603,0.4733,0.6489,,0.02,2.6912397,
18.805,-0.116,0.0132,1.0215,0.145,0.542,0.5496,,0.02,2.6941397,
18.825,-0.1194,0.0159,1.0203,0.1374,0.6412,0.6489,,0.02,2.6968877,
18.845,-0.1157,0.0164,1.0234,0.1374,0.4809,0.6107,,0.02,2.6996357,
18.865,-0.1177,0.0156,1.0266,0.0763,0.458,0.6412,,0.02,2.7011617,
18.885,-0.1182,0.0159,1.0249,0.084,0.5649,0.6565,,0.02,2.7028417,
18.905,-0.116,0.0159,1.0193,0.1527,0.4962,0.542,,0.02,2.7058957,
18.925,-0.1199,0.0161,1.0166,0.2137,0.5038,0.5802,,0.02,2.7101697,
18.945,-0.1201,0.0144,1.0154,0.145,0.5954,0.6107,,0.02,2.7130697,
18.965,-0.1157,0.0149,1.0203,0.145,0.626,0.6641,,0.02,2.7159697,
18.985,-0.1177,0.0151,1.0242,0.1374,0.5267,0.687,,0.02,2.7187177,
19.005,-0.1155,0.0117,1.0242,0.1908,0.5191,0.5725,,0.02,2.7225337,
19.025,-0.1177,0.0154,1.0156,0.145,0.4962,0.5649,,0.02,2.7254337,
19.045,-0.1179,0.0166,1.02,0.2061,0.5802,0.5573,,0.02,2.7295557,
19.065,-0.1133,0.0142,1.0198,0.084,0.3969,0.5344,,0.02,2.7312357,
19.085,-0.1147,0.0154,1.0273,0.1603,0.687,0.6031,,0.02,2.7344417,
19.105,-0.1155,0.0156,1.022,0.1298,0.6031,0.5954,,0.02,2.7370377,
19.125,-0.1143,0.0195,1.0176,0.1603,0.5115,0.6565,,0.02,2.7402437,
19.145,-0.1177,0.0168,1.0151,0.2443,0.5115,0.5496,,0.02,2.7451297,
19.165,-0.115,0.0178,1.0171,0.1527,0.542,0.5649,,0.02,2.7481837,
19.185,-0.1172,0.0166,1.0215,0.2137,0.5115,0.6489,,0.02,2.7524577,
19.205,-0.1194,0.0151,1.0203,0.1679,0.5267,0.5725,,0.02,2.7558157,
19.225,-0.1162,0.0154,1.0181,0.0916,0.5649,0.5954,,0.02,2.7576477,
19.245,-0.1157,0.019,1.0229,0.2061,0.5267,0.5191,,0.02,2.7617697,
19.265,-0.1157,0.0137,1.021,0.145,0.5649,0.5878,,0.021,2.7648147,
19.286,-0.1177,0.0105,1.0222,0.1069,0.5878,0.5878,,0.019,2.7668458,
19.305,-0.1169,0.0112,1.0222,0.1145,0.5878,0.4809,,0.02,2.7691358,
19.325,-0.1189,0.0129,1.0159,0.0992,0.5573,0.6412,,0.02,2.7711198,
19.345,-0.1172,0.0156,1.0181,0.1527,0.542,0.6412,,0.02,2.7741738,
19.365,-0.1157,0.0156,1.0159,0.2672,0.5344,0.6412,,0.02,2.7795178,
19.385,-0.1167,0.0178,1.0232,0.1527,0.5573,0.5573,,0.02,2.7825718,
19.405,-0.1206,0.0151,1.0247,0.2137,0.4656,0.6641,,0.02,2.7868458,
19.425,-0.1167,0.0132,1.0186,0.0305,0.6183,0.5725,,0.02,2.7874558,
19.445,-0.1189,0.0178,1.0186,0.2366,0.5802,0.5802,,0.02,2.7921878,
19.465,-0.1182,0.0161,1.019,0.0687,0.4656,0.6183,,0.02,2.7935618,
19.485,-0.1182,0.0132,1.0173,0.1298,0.6031,0.687,,0.02,2.7961578,
19.505,-0.1189,0.0161,1.0266,0.084,0.5573,0.626,,0.02,2.7978378,
19.525,-0.1177,0.0137,1.0173,0.1985,0.6183,0.6412,,0.02,2.8018078,
19.545,-0.1157,0.0139,1.0234,0.1985,0.5802,0.6183,,0.02,2.8057778,
19.565,-0.1177,0.0137,1.0251,0.1603,0.6565,0.6107,,0.02,2.8089838,
19.585,-0.114,0.0142,1.0239,0.1527,0.4504,0.542,,0.02,2.8120378,
19.605,-0.1169,0.0161,1.0171,0.1069,0.4885,0.7252,,0.02,2.8141758,
19.625,-0.1147,0.0195,1.0229,0.1527,0.6718,0.6489,,0.02,2.8172298,
19.645,-0.1167,0.0205,1.0203,0.2061,0.5115,0.5573,,0.02,2.8213518,
19.665,-0.1133,0.0188,1.0212,0.0992,0.5725,0.542,,0.02,2.8233358,
19.685,-0.1179,0.0195,1.0232,0.0076,0.6641,0.6718,,0.02,2.8234878,
19.705,-0.1167,0.0188,1.021,0.1679,0.5191,0.5954,,0.02,2.8268458,
19.725,-0.1177,0.0156,1.0242,0.145,0.4351,0.6641,,0.02,2.8297458,
19.745,-0.1191,0.0122,1.0227,0.2061,0.4809,0.6031,,0.02,2.8338678,
19.765,-0.115,0.0137,1.0203,0.1756,0.5878,0.6107,,0.02,2.8373798,
19.785,-0.1169,0.0159,1.0208,0.1985,0.5115,0.5802,,0.02,2.8413498,
19.805,-0.115,0.0154,1.0225,0.2214,0.5267,0.5878,,0.02,2.8457778,
19.825,-0.1172,0.0137,1.0232,0.1298,0.6183,0.5802,,0.02,2.8483738,
19.845,-0.1167,0.0186,1.0203,0.1527,0.5115,0.5191,,0.02,2.8514278,
19.865,-0.1184,0.0183,1.0198,0.1374,0.5496,0.542,,0.02,2.8541758,
19.885,-0.1191,0.0149,1.0254,0.1374,0.6412,0.6031,,0.02,2.8569238,
19.905,-0.1189,0.0173,1.0276,0.1603,0.4962,0.6489,,0.021,2.8602901,
19.926,-0.1189,0.0142,1.0222,0.1374,0.5344,0.5344,,0.019,2.8629007,
19.945,-0.1174,0.0166,1.0188,0.1298,0.5344,0.6031,,0.02,2.8654967,
19.965,-0.1189,0.0149,1.0203,0.1832,0.542,0.5267,,0.02,2.8691607,
19.985,-0.1189,0.0164,1.0186,0.1603,0.5191,0.626,,0.02,2.8723667,
20.005,-0.1177,0.0164,1.0198,0.1221,0.5878,0.5802,,0.02,2.8748087,
20.025,-0.1165,0.0146,1.0188,0.1832,0.5344,0.6336,,0.02,2.8784727,
20.045,-0.115,0.0142,1.021,0.0916,0.5344,0.6183,,0.02,2.8803047,
20.065,-0.1147,0.0168,1.0254,0.2137,0.5878,0.7328,,0.02,2.8845787,
20.085,-0.1182,0.0151,1.0186,0.1832,0.5878,0.6947,,0.02,2.8882427,
20.105,-0.115,0.0134,1.0168,0.1374,0.5954,0.6336,,0.02,2.8909907,
20.125,-0.1184,0.0164,1.0222,0.1832,0.5573,0.5725,,0.02,2.8946547,
20.145,-0.1196,0.0156,1.0178,0.1221,0.4962,0.5344,,0.02,2.8970967,
20.165,-0.1174,0.0164,1.0249,0.1221,0.542,0.6107,,0.02,2.8995387,
20.185,-0.1165,0.0193,1.0278,0.1908,0.542,0.6489,,0.02,2.9033547,
20.205,-0.1177,0.0142,1.0237,0.1756,0.4351,0.626,,0.02,2.9068667,
20.225,-0.1167,0.0151,1.0193,0.1603,0.626,0.5878,,0.02,2.9100727,
20.245,-0.1206,0.0159,1.0212,0.1756,0.4733,0.5725,,0.02,2.9135847,
20.265,-0.1167,0.0151,1.0251,0.2137,0.5267,0.6489,,0.02,2.9178587,
20.285,-0.1167,0.0132,1.0254,0.0611,0.5344,0.6031,,0.02,2.9190807,
20.305,-0.1169,0.0146,1.0234,0.0763,0.5191,0.5191,,0.02,2.9206067,
20.325,-0.1162,0.0164,1.021,0.1145,0.6107,0.6412,,0.02,2.9228967,
20.345,-0.1177,0.0156,1.0251,0.0992,0.4656,0.626,,0.02,2.9248807,
20.365,-0.1194,0.0166,1.0212,0.1832,0.4427,0.5725,,0.02,2.9285447,
20.385,-0.1162,0.0134,1.0134,0.1603,0.5725,0.5802,,0.02,2.9317507,
20.405,-0.1184,0.0122,1.0283,0.1298,0.5802,0.6565,,0.02,2.9343467,
20.425,-0.1172,0.0159,1.0146,0.145,0.6412,0.6031,,0.02,2.9372467,
20.445,-0.1223,0.0134,1.0205,0.1985,0.5191,0.6183,,0.02,2.9412167,
20.465,-0.1152,0.0125,1.021,0.0916,0.4427,0.6336,,0.02,2.9430487,
20.485,-0.115,0.0195,1.0276,0.1298,0.4885,0.6412,,0.02,2.9456447,
20.505,-0.1174,0.0164,1.0193,0.1298,0.6412,0.7176,,0.02,2.9482407,
20.525,-0.1191,0.0149,1.0229,0.1298,0.5496,0.6336,,0.02,2.9508367,
20.545,-0.114,0.0164,1.0178,0.1527,0.5344,0.5954,,0.021,2.9540434,
20.566,-0.1191,0.0183,1.0186,0.1832,0.5954,0.5878,,0.019,2.9575242,
20.585,-0.1147,0.0146,1.0283,0.2366,0.5878,0.6183,,0.02,2.9622562,
20.605,-0.1152,0.0144,1.0186,0.1527,0.5267,0.6641,,0.02,2.9653102,
20.625,-0.1169,0.0154,1.0251,0.1145,0.4962,0.6031,,0.02,2.9676002,
20.645,-0.1201,0.0144,1.0256,-0.0076,0.5496,0.5191,,0.02,2.9674482,
20.665,-0.1191,0.0154,1.0166,0.3206,0.5344,0.5954,,0.02,2.9738602,
20.685,-0.1184,0.0161,1.021,0.1908,0.5573,0.626,,0.02,2.9776762,
20.705,-0.1182,0.0173,1.0225,0.1221,0.6412,0.5496,,0.02,2.9801182,
20.725,-0.1165,0.0188,1.0203,0.1756,0.626,0.6031,,0.02,2.9836302,
20.745,-0.1221,0.0129,1.0212,0.1527,0.5878,0.5954,,0.02,2.9866842,
20.765,-0.1177,0.0134,1.0229,0.1603,0.5802,0.5878,,0.02,2.9898902,
20.785,-0.1162,0.0125,1.0198,0.1145,0.6641,0.5267,,0.02,2.9921802,
20.805,-0.1194,0.0146,1.0215,0.1221,0.4733,0.5344,,0.02,2.9946222,
20.825,-0.115,0.0149,1.0208,0.1756,0.5267,0.5649,,0.02,2.9981342,
20.845,-0.1155,0.02,1.0259,0.1756,0.4962,0.5649,,0.02,3.0016462,
20.865,-0.1135,0.0183,1.0181,0.084,0.6336,0.6489,,0.02,3.0033262,
20.885,-0.1184,0.0203,1.0232,0.145,0.5649,0.5344,,0.02,3.0062262,
20.905,-0.1172,0.0181,1.0283,0.1298,0.5725,0.5954,,0.02,3.0088222,
20.925,-0.1165,0.0171,1.0215,0.1069,0.5267,0.6031,,0.02,3.0109602,
20.945,-0.1165,0.0134,1.0234,0.1756,0.5725,0.5802,,0.02,3.0144722,
20.965,-0.1169,0.0112,1.0208,0.145,0.5725,0.6641,,0.02,3.0173722,
20.985,-0.1145,0.0132,1.0222,0.1221,0.5954,0.5649,,0.02,3.0198142,
21.005,-0.1165,0.0149,1.0212,0.1603,0.5573,0.6031,,0.02,3.0230202,
21.025,-0.1182,0.0151,1.0176,0.0916,0.5573,0.6183,,0.02,3.0248522,
21.045,-0.1204,0.0164,1.0225,0.1298,0.5344,0.626,,0.02,3.0274482,
21.065,-0.1162,0.0183,1.0249,0.1756,0.5802,0.6183,,0.02,3.0309602,
21.085,-0.1162,0.0127,1.0166,0.1145,0.4962,0.4809,,0.02,3.0332502,
21.105,-0.1174,0.0137,1.0229,0.2061,0.5344,0.5954,,0.02,3.0373722,
21.125,-0.1169,0.0154,1.0203,0.1908,0.5802,0.6565,,0.02,3.0411882,
21.145,-0.1172,0.0156,1.0203,0.1374,0.4656,0.5725,,0.02,3.0439362,
21.165,-0.1211,0.0188,1.0251,0.1298,0.5115,0.4885,,0.02,3.0465322,
21.185,-0.1204,0.0134,1.0139,0.084,0.5191,0.6031,,0.021,3.0482962,
21.206,-0.1177,0.0105,1.0181,0.0763,0.5496,0.5191,,0.019,3.0497459,
21.225,-0.1177,0.0137,1.0225,0.2061,0.6336,0.6107,,0.02,3.0538679,
21.245,-0.1187,0.009,1.0215,0.1298,0.4962,0.6489,,0.02,3.0564639,
21.265,-0.1174,0.0168,1.0266,0.1756,0.542,0.5573,,0.02,3.0599759,
21.285,-0.1145,0.0144,1.0259,0.1603,0.5038,0.626,,0.02,3.0631819,
21.305,-0.1189,0.0154,1.0156,0.1145,0.5191,0.626,,0.02,3.0654719,
21.325,-0.1174,0.0166,1.0254,0.2214,0.4351,0.5802,,0.02,3.0698999,
21.345,-0.1165,0.0178,1.0205,0.1221,0.5267,0.5725,,0.02,3.0723419,
21.365,-0.116,0.0159,1.0168,0.1298,0.5115,0.5878,,0.02,3.0749379,
21.385,-0.1169,0.019,1.0208,0.0916,0.4885,0.5115,,0.02,3.0767699,
21.405,-0.1179,0.0127,1.0156,0.1603,0.5802,0.6183,,0.02,3.0799759,
21.425,-0.1172,0.0193,1.0173,0.145,0.4351,0.6412,,0.02,3.0828759,
21.445,-0.1162,0.0142,1.0239,0.2137,0.458,0.6107,,0.02,3.0871499,
21.465,-0.1179,0.0154,1.0188,0.1908,0.6183,0.6641,,0.02,3.0909659,
21.485,-0.1145,0.0166,1.022,0.1679,0.4275,0.6031,,0.02,3.0943239,
21.505,-0.1157,0.0139,1.021,0.0916,0.5954,0.6489,,0.02,3.0961559,
21.525,-0.116,0.0144,1.0144,0.0458,0.5496,0.542,,0.02,3.0970719,
21.545,-0.1152,0.0154,1.0242,0.1756,0.6183,0.5573,,0.02,3.1005839,
21.565,-0.1191,0.0146,1.0234,0.1298,0.4962,0.7099,,0.02,3.1031799,
21.585,-0.1157,0.0142,1.0247,0.1908,0.5954,0.6718,,0.02,3.1069959,
21.605,-0.1169,0.0171,1.0217,0.1756,0.5344,0.6183,,0.02,3.1105079,
21.625,-0.1179,0.0159,1.0232,0.0992,0.542,0.6107,,0.02,3.1124919,
21.645,-0.1162,0.0193,1.0181,0.084,0.5649,0.6718,,0.02,3.1141719,
21.665,-0.1172,0.0181,1.0166,0.1221,0.4885,0.6412,,0.02,3.1166139,
21.685,-0.1199,0.0188,1.0259,0.1985,0.4962,0.6031,,0.02,3.1205839,
21.705,-0.115,0.0166,1.021,0.1756,0.5802,0.5496,,0.02,3.1240959,
21.725,-0.1194,0.0149,1.021,0.1679,0.5802,0.5649,,0.02,3.1274539,
21.745,-0.1184,0.0132,1.0173,0.1298,0.4809,0.6641,,0.02,3.1300499,
21.765,-0.1201,0.0139,1.0208,0.0382,0.458,0.6641,,0.02,3.1308139,
21.785,-0.1196,0.0137,1.0215,0.2366,0.5115,0.5802,,0.02,3.1355459,
21.805,-0.1182,0.0142,1.0256,0.145,0.4733,0.6336,,0.02,3.1384459,
21.825,-0.1191,0.0134,1.022,0.1527,0.6031,0.6336,,0.021,3.1416526,
21.846,-0.1177,0.0134,1.022,0.1527,0.5496,0.6183,,0.019,3.1445539,
21.865,-0.1152,0.0122,1.0227,0.1221,0.6183,0.5725,,0.02,3.1469959,
21.885,-0.1189,0.0178,1.0195,0.145,0.458,0.6947,,0.02,3.1498959,
21.905,-0.1167,0.0151,1.0266,0.1679,0.5115,0.5802,,0.02,3.1532539,
21.925,-0.1189,0.0183,1.0269,0.1832,0.5267,0.5038,,0.02,3.1569179,
21.945,-0.1172,0.0142,1.019,0.1298,0.6031,0.5878,,0.02,3.1595139,
21.965,-0.1179,0.0137,1.0168,0.1527,0.6565,0.5344,,0.02,3.1625679,
21.985,-0.1196,0.0151,1.0242,0.1603,0.4351,0.7023,,0.02,3.1657739,
22.005,-0.1194,0.0173,1.0212,0.1145,0.5649,0.7099,,0.02,3.1680639,
22.025,-0.1191,0.0159,1.0171,0.1832,0.4504,0.626,,0.02,3.1717279,
22.045,-0.1152,0.0168,1.0222,0.1374,0.5267,0.5344,,0.02,3.1744759,
22.065,-0.1174,0.0161,1.0217,0.1832,0.5802,0.5802,,0.02,3.1781399,
22.085,-0.1157,0.0127,1.0129,0.1527,0.4733,0.6947,,0.02,3.1811939,
22.105,-0.1174,0.0142,1.0217,0.1527,0.5115,0.5649,,0.02,3.1842479,
22.125,-0.1169,0.0156,1.0188,0.1527,0.5115,0.6031,,0.02,3.1873019,
22.145,-0.1206,0.0144,1.0256,0.1832,0.4275,0.5649,,0.02,3.1909659,
22.165,-0.1194,0.0173,1.022,0.1527,0.5725,0.5344,,0.02,3.1940199,
22.185,-0.1172,0.0178,1.0222,0.2214,0.5573,0.5802,,0.02,3.1984479,
22.205,-0.1174,0.0144,1.0237,0.1756,0.5115,0.6031,,0.02,3.2019599,
22.225,-0.1133,0.0139,1.0225,0.1145,0.5802,0.5649,,0.02,3.2042499,
22.245,-0.116,0.0125,1.0234,0.2061,0.6107,0.6031,,0.02,3.2083719,
22.265,-0.1155,0.0144,1.0232,0.145,0.4962,0.6489,,0.02,3.2112719,
22.285,-0.1152,0.0161,1.0203,0.1527,0.6107,0.6718,,0.02,3.2143259,
22.305,-0.1172,0.0149,1.0195,0.1832,0.4809,0.5725,,0.02,3.2179899,
22.325,-0.1177,0.0144,1.0203,0.1298,0.5573,0.542,,0.02,3.2205859,
22.345,-0.1169,0.0156,1.0188,0.2137,0.5191,0.6641,,0.02,3.2248599,
22.365,-0.1191,0.0166,1.0261,0.1374,0.5725,0.4733,,0.02,3.2276079,
22.385,-0.1169,0.0159,1.0183,0.2595,0.5649,0.542,,0.02,3.2327979,
22.405,-0.1189,0.0146,1.0239,0.2366,0.5115,0.5573,,0.02,3.2375299,
22.425,-0.1206,0.0132,1.0259,0.1298,0.5496,0.5191,,0.02,3.2401259,
22.445,-0.1184,0.0144,1.0195,0.145,0.5725,0.542,,0.02,3.2430259,
22.465,-0.1113,0.0176,1.0203,0.1527,0.4885,0.6412,,0.021,3.2462326,
22.486,-0.1182,0.0129,1.0254,0.1679,0.5725,0.5496,,0.019,3.2494227,
22.505,-0.1157,0.0134,1.0254,0.1985,0.6107,0.5496,,0.02,3.2533927,
22.525,-0.1165,0.011,1.0222,0.1679,0.4885,0.5954,,0.02,3.2567507,
22.545,-0.1155,0.0139,1.019,0.0687,0.4504,0.626,,0.02,3.2581247,
22.565,-0.1169,0.0137,1.0166,0.145,0.4733,0.6336,,0.02,3.2610247,
22.585,-0.1208,0.0161,1.0215,0.0992,0.542,0.6641,,0.02,3.2630087,
22.605,-0.1167,0.0139,1.0193,0.3053,0.4962,0.6489,,0.02,3.2691147,
22.625,-0.1177,0.0137,1.0247,0.1221,0.5267,0.6489,,0.02,3.2715567,
22.645,-0.1204,0.0112,1.0173,0.1603,0.5649,0.542,,0.02,3.2747627,
22.665,-0.1182,0.0149,1.0173,0.229,0.5344,0.5802,,0.02,3.2793427,
22.685,-0.1152,0.011,1.0208,0.1374,0.458,0.4962,,0.02,3.2820907,
22.705,-0.1182,0.0176,1.0273,0.2214,0.5802,0.6794,,0.02,3.2865187,
22.725,-0.116,0.0171,1.0168,0.1374,0.5115,0.6336,,0.02,3.2892667,
22.745,-0.1157,0.0132,1.0212,0.1756,0.5267,0.6183,,0.02,3.2927787,
22.765,-0.1184,0.0146,1.0247,0.2748,0.542,0.5496,,0.02,3.2982747,
22.785,-0.1216,0.0159,1.0166,0.1832,0.4809,0.626,,0.02,3.3019387,
22.805,-0.1184,0.0156,1.0183,0.1298,0.4962,0.6031,,0.02,3.3045347,
22.825,-0.1177,0.0176,1.0273,0.084,0.5954,0.6794,,0.02,3.3062147,
22.845,-0.1177,0.0164,1.021,0.1527,0.626,0.5878,,0.02,3.3092687,
22.865,-0.1182,0.0168,1.021,0.1908,0.5725,0.6336,,0.02,3.3130847,
22.885,-0.1177,0.0188,1.0239,0.1832,0.5191,0.4885,,0.02,3.3167487,
22.905,-0.1177,0.0142,1.0193,0.1679,0.542,0.6107,,0.02,3.3201067,
22.925,-0.1147,0.0127,1.0249,0.1221,0.5878,0.5267,,0.02,3.3225487,
22.945,-0.1174,0.0129,1.0164,0.1221,0.5573,0.6107,,0.02,3.3249907,
22.965,-0.1147,0.0159,1.0171,0.1603,0.5267,0.7328,,0.02,3.3281967,
22.985,-0.1184,0.0183,1.0242,0.1298,0.458,0.6718,,0.02,3.3307927,
23.005,-0.1157,0.0156,1.0183,0.1374,0.5802,0.6641,,0.02,3.3335407,
23.025,-0.1189,0.0186,1.0215,0.084,0.5802,0.6489,,0.02,3.3352207,
23.045,-0.1174,0.0159,1.0247,0.1298,0.6031,0.6489,,0.02,3.3378167,
23.065,-0.1143,0.0171,1.0168,0.1069,0.458,0.5496,,0.02,3.3399547,
23.085,-0.1147,0.0137,1.0217,0.1908,0.4656,0.6031,,0.02,3.3437707,
23.105,-0.1206,0.0132,1.0205,0.0611,0.6031,0.5649,,0.021,3.3450538,
23.126,-0.1177,0.0132,1.0166,0.1298,0.4809,0.5649,,0.019,3.34752,
23.145,-0.1189,0.0129,1.0261,0.145,0.5344,0.626,,0.02,3.35042,
23.165,-0.1182,0.0159,1.0178,0.229,0.6031,0.6565,,0.02,3.355,
23.185,-0.1179,0.0159,1.0217,0.1527,0.4198,0.6489,,0.02,3.358054,
23.205,-0.1182,0.0186,1.021,0.2061,0.4122,0.5802,,0.02,3.362176,
23.225,-0.1177,0.0168,1.02,0.0992,0.5267,0.6336,,0.02,3.36416,
23.245,-0.1182,0.0173,1.021,0.1908,0.5802,0.5725,,0.02,3.367976,
23.265,-0.1174,0.0159,1.0149,0.2443,0.6031,0.6718,,0.02,3.372862,
23.285,-0.114,0.0134,1.0193,0.084,0.5115,0.5954,,0.02,3.374542,
23.305,-0.1206,0.0142,1.0283,0.1908,0.4504,0.6794,,0.02,3.378358,
23.325,-0.1191,0.0142,1.0242,0.0763,0.4122,0.6794,,0.02,3.379884,
23.345,-0.1152,0.0205,1.0173,0.1069,0.4885,0.5725,,0.02,3.382022,
23.365,-0.1194,0.0178,1.0181,0.1679,0.5573,0.6183,,0.02,3.38538,
23.385,-0.113,0.0146,1.0188,0.1756,0.4809,0.5802,,0.02,3.388892,
23.405,-0.1155,0.0161,1.0215,0.1069,0.4885,0.5725,,0.02,3.39103,
23.425,-0.1155,0.0151,1.0208,0.1298,0.5878,0.6641,,0.02,3.393626,
23.445,-0.1191,0.0134,1.0181,0.1145,0.4962,0.5878,,0.02,3.395916,
23.465,-0.1169,0.0161,1.0227,0.1374,0.5038,0.5344,,0.02,3.398664,
23.485,-0.1191,0.0144,1.0178,0.0229,0.4504,0.6412,,0.02,3.399122,
23.505,-0.1147,0.0161,1.0208,0.1069,0.5115,0.6489,,0.02,3.40126,
23.525,-0.1174,0.0168,1.0239,0.1221,0.5573,0.6031,,0.02,3.403702,
23.545,-0.1194,0.0127,1.0159,0.1145,0.6489,0.6031,,0.02,3.405992,
23.565,-0.1167,0.0129,1.0151,0.1069,0.5344,0.6412,,0.02,3.40813,
23.585,-0.114,0.0144,1.0229,0.1069,0.4885,0.6718,,0.02,3.410268,
23.605,-0.1157,0.0176,1.021,0.2519,0.5115,0.5954,,0.02,3.415306,
23.625,-0.1172,0.0146,1.0156,0.229,0.5573,0.5267,,0.02,3.419886,
23.645,-0.1172,0.0164,1.0281,0.1603,0.4656,0.5573,,0.02,3.423092,
23.665,-0.1174,0.0171,1.022,0.1527,0.687,0.5573,,0.02,3.426146,
23.685,-0.115,0.0171,1.0212,0.1985,0.5725,0.5496,,0.02,3.430116,
23.705,-0.1187,0.0178,1.0215,0.2366,0.687,0.5878,,0.02,3.434848,
23.725,-0.1201,0.0178,1.0205,0.1527,0.6489,0.626,,0.02,3.437902,
23.745,-0.115,0.0137,1.0278,0.1603,0.5649,0.5802,,0.021,3.4412683,
23.766,-0.1135,0.0132,1.0198,0.1374,0.5344,0.6718,,0.019,3.4438789,
23.785,-0.1199,0.0154,1.0193,0.1145,0.4809,0.5344,,0.02,3.4461689,
23.805,-0.1189,0.0173,1.0225,0.1221,0.4809,0.5573,,0.02,3.4486109,
23.825,-0.1143,0.0156,1.0195,0.1679,0.5267,0.5649,,0.02,3.4519689,
23.845,-0.1177,0.0154,1.0239,0.1069,0.5344,0.6107,,0.02,3.4541069,
23.865,-0.116,0.0205,1.0251,0.1374,0.4962,0.626,,0.02,3.4568549,
23.885,-0.1143,0.0193,1.012,0.1679,0.5802,0.5649,,0.02,3.4602129,
23.905,-0.1187,0.0176,1.0205,0.2214,0.6031,0.6107,,0.02,3.4646409,
23.925,-0.1177,0.0146,1.019,0.1374,0.4885,0.5573,,0.02,3.4673889,
23.945,-0.1189,0.0149,1.022,0.1145,0.5725,0.6947,,0.02,3.4696789,
23.965,-0.116,0.0164,1.0225,0.1374,0.5802,0.6794,,0.02,3.4724269,
23.985,-0.1162,0.0151,1.0166,0.2061,0.6107,0.6565,,0.02,3.4765489,
24.005,-0.1177,0.0139,1.0227,0.1145,0.4809,0.6565,,0.02,3.4788389,
24.025,-0.1179,0.0129,1.0232,0.1756,0.5878,0.7023,,0.02,3.4823509,
24.045,-0.1165,0.0146,1.0171,0.2137,0.626,0.6336,,0.02,3.4866249,
24.065,-0.1201,0.0183,1.0222,0.2366,0.5038,0.6641,,0.02,3.4913569,
24.085,-0.1194,0.0139,1.0186,0.1756,0.5725,0.5573,,0.02,3.4948689,
24.105,-0.1145,0.0156,1.02,0.2443,0.5802,0.6947,,0.02,3.4997549,
24.125,-0.1201,0.0168,1.0227,0.2061,0.5954,0.5496,,0.02,3.5038769,
24.145,-0.1177,0.0154,1.0249,0.145,0.6489,0.7328,,0.02,3.5067769,
24.165,-0.1182,0.0161,1.0217,0.1374,0.4733,0.6107,,0.02,3.5095249,
24.185,-0.116,0.0193,1.0193,0.1374,0.6565,0.5954,,0.02,3.5122729,
24.205,-0.1138,0.0159,1.0254,0.1603,0.5954,0.5191,,0.02,3.5154789,
24.225,-0.1177,0.0164,1.0222,0.229,0.626,0.5954,,0.02,3.5200589,
24.245,-0.1204,0.0154,1.0154,0.1985,0.5267,0.6794,,0.02,3.5240289,
24.265,-0.1145,0.0173,1.02,0.1832,0.5267,0.626,,0.02,3.5276929,
24.285,-0.1174,0.0115,1.0181,0.1832,0.4809,0.6031,,0.02,3.5313569,
24.305,-0.1155,0.0164,1.0146,0.2214,0.5115,0.6031,,0.02,3.5357849,
24.325,-0.1157,0.0151,1.0254,0.1756,0.4885,0.5878,,0.02,3.5392969,
24.345,-0.1162,0.0161,1.0242,0.1374,0.5802,0.6336,,0.02,3.5420449,
24.365,-0.1174,0.0156,1.0193,0.0611,0.6489,0.6794,,0.02,3.5432669,
24.385,-0.1143,0.0161,1.0203,0.1603,0.6183,0.6412,,0.021,3.5466332,
24.406,-0.1194,0.0161,1.0203,0.1298,0.6031,0.6412,,0.019,3.5490994,
24.425,-0.1179,0.0171,1.0178,0.1069,0.5191,0.6183,,0.02,3.5512374,
24.445,-0.1162,0.0125,1.0237,0.1985,0.7023,0.626,,0.02,3.5552074,
24.465,-0.1172,0.0139,1.0244,0.2214,0.5191,0.5954,,0.02,3.5596354,
24.485,-0.1191,0.0151,1.0166,0.0992,0.5267,0.5649,,0.02,3.5616194,
24.505,-0.115,0.0151,1.022,0.0992,0.5267,0.626,,0.02,3.5636034,
24.525,-0.1189,0.0117,1.0193,0.1069,0.542,0.6412,,0.02,3.5657414,
24.545,-0.1143,0.0188,1.0186,0.0916,0.5725,0.5802,,0.02,3.5675734,
24.565,-0.1169,0.0125,1.0254,0.2748,0.5496,0.5573,,0.02,3.5730694,
24.585,-0.114,0.0156,1.0083,0.1145,0.5344,0.6718,,0.02,3.5753594,
24.605,-0.1157,0.0139,1.0239,0.2061,0.542,0.6336,,0.02,3.5794814,
24.625,-0.1133,0.0186,1.0247,0.1603,0.4885,0.6031,,0.02,3.5826874,
24.645,-0.1155,0.0181,1.021,0.1603,0.6565,0.5344,,0.02,3.5858934,
24.665,-0.115,0.0156,1.0242,0.1298,0.4809,0.7099,,0.02,3.5884894,
24.685,-0.123,0.0186,1.0215,0.1832,0.6107,0.687,,0.02,3.5921534,
24.705,-0.1147,0.0146,1.0142,0.2366,0.5954,0.6183,,0.02,3.5968854,
24.725,-0.1216,0.0176,1.0215,0.1603,0.4962,0.5725,,0.02,3.6000914,
24.745,-0.1174,0.0132,1.0208,0.1069,0.6107,0.6412,,0.02,3.6022294,
24.765,-0.1174,0.0151,1.0208,0.1221,0.4733,0.6183,,0.02,3.6046714,
24.785,-0.1191,0.0173,1.0249,0.0763,0.6107,0.6489,,0.02,3.6061974,
24.805,-0.1165,0.0168,1.0188,0.1756,0.626,0.6336,,0.02,3.6097094,
24.825,-0.1162,0.0166,1.0229,0.1985,0.5954,0.5496,,0.02,3.6136794,
24.845,-0.1184,0.0132,1.0178,0.2137,0.3664,0.542,,0.02,3.6179534,
24.865,-0.1213,0.0146,1.0176,0.145,0.5267,0.626,,0.02,3.6208534,
24.885,-0.1147,0.0151,1.0247,0.1985,0.5038,0.6336,,0.02,3.6248234,
24.905,-0.1167,0.0164,1.0188,0.1908,0.5725,0.5191,,0.02,3.6286394,
24.925,-0.1157,0.0181,1.0164,0.1603,0.6336,0.6107,,0.02,3.6318454,
24.945,-0.114,0.019,1.0203,0.0992,0.5115,0.6489,,0.02,3.6338294,
24.965,-0.1184,0.0151,1.0205,0.145,0.5725,0.5573,,0.02,3.6367294,
24.985,-0.1218,0.0112,1.0242,0.1221,0.5573,0.6718,,0.02,3.6391714,
25.005,-0.1182,0.0146,1.0286,0.1679,0.4275,0.5267,,0.02,3.6425294,
25.025,-0.1206,0.0188,1.0193,0.1679,0.5191,0.6107,,,3.6425294,
